oasis_node,caiso_matches
AFTON_3_AFTONCC-APND,[]
AGRICO_6_PL3N5-APND,"['AGRICO_7_B1', 'AGRICO_7_B3', 'AGRICO_7_B4']"
AGRICO_7_UNIT-APND,"['AGRICO_7_B1', 'AGRICO_7_B3', 'AGRICO_7_B4']"
ALAMIT_2_PL1X3-APND,[]
ALF_1_ALBENI_F_PLANT-APND,[]
ANTLPE_2_QF-APND,[]
APXGS_5_CC-APND,[]
AQUAWS_2_AQWSR1-APND,[]
ATHOS_5_AP1X2-APND,[]
ATHOS_5_AP2X2-APND,[]
AVA_AVA.AVRN-APND,[]
AVA_AVA.BPAT-APND,[]
AVA_AVA.COLSTRIP-APND,[]
AVA_AVAT.NWMT-APND,[]
AVA_COYSPR2-APND,[]
AVA_DRYCREEK-APND,[]
AVA_LOLO-APND,[]
AVA_MAINCANALGEN-APND,[]
AVA_MIDC.AV-APND,[]
AVA_MIDCREMOTE-APND,[]
AVA_POPD-APND,[]
AVA_WALLAWALLA-APND,[]
AVRN_AVA.AVRN-APND,[]
AVRN_BPAT.AVRN-APND,[]
AVRN_KFALLSGEN.AVRN-APND,[]
AVRN_KFALLSGENAVRN-APND,[]
AVRN_MSS_COLUMB-APND,[]
AVRN_MSS_KLICK-APND,[]
AVRN_MSS_WASCO-APND,[]
AZPS_BUCKEYE230-APND,[]
AZPS_CHOLLA500_SRP-APND,[]
AZPS_DESERTBASIN-APND,[]
AZPS_FOURCORNE345_AZPS-APND,[]
AZPS_FOURCORNE345_PNM-APND,[]
AZPS_FOURCORNE345_TEPC-APND,[]
AZPS_FOURCORNE500_AZPS-APND,[]
AZPS_FOURCORNE500_TEPC-APND,[]
AZPS_GILA69-APND,[]
AZPS_GILARIVER500-APND,[]
AZPS_JOJOBA500-APND,[]
AZPS_KNOX230-APND,[]
AZPS_KYRENE230-APND,[]
AZPS_LIBERTY230-APND,[]
AZPS_MEAD5MSCHD-APND,[]
AZPS_NAVAJO-APND,[]
AZPS_NECLOAD-APND,[]
AZPS_NRTHGILA69-APND,[]
AZPS_ORACLE115-APND,[]
AZPS_PALOVERDE500-APND,[]
AZPS_PALOVERDE500_EPE-APND,[]
AZPS_PANDA230-APND,[]
AZPS_PARKER230-APND,[]
AZPS_PINPKAPS230_SRP-APND,[]
AZPS_PINPKAPS230_WALC-APND,[]
AZPS_PINPKSRP230_SRP-APND,[]
AZPS_PINT-APND,[]
AZPS_PNPKWALC230-APND,[]
AZPS_RACEWAY230-APND,[]
AZPS_RUDD230-APND,[]
AZPS_SADLBROKRNCH-APND,[]
AZPS_SAGUARO115-APND,[]
AZPS_SAGUARO500-APND,[]
AZPS_SANTAROSA230-APND,[]
AZPS_SUGARLOAF500-APND,[]
AZPS_SUNDANCE-APND,[]
AZPS_SUNVALLEY230-APND,[]
AZPS_SWAZSYS-APND,[]
AZPS_TESTTRACK230-APND,[]
AZPS_WALC.SYS-APND,[]
AZPS_WESTWING230_SRP-APND,[]
AZPS_WESTWING230_WALC-APND,[]
AZPS_WESTWING500_SRP-APND,[]
AZPS_WESTWING500_TEPC-APND,[]
AZPS_WESTWING500_WALC-APND,[]
BANC_CAPTAINJACK-APND,[]
BANC_WESTLEY-APND,[]
BCHA_5_PWXAPR-APND,[]
BCHA_5_PWXAVR-APND,[]
BCHA_5_PWXNPR1-APND,[]
BCHA_5_PWXNPR2-APND,[]
BCHA_5_PWXNPR3-APND,[]
BCHA_5_PWXNPR4-APND,[]
BCHA_5_PWXNPR5-APND,[]
BCHA_5_PWXNPR6-APND,[]
BCHA_5_PWXNPR7-APND,[]
BCHA_5_PWXNPR8-APND,[]
BCHA_BC.US.BORDER-APND,[]
BCHA_BCUS.BORDER-APND,[]
BCNPPS1_2_BATTERY-APND,[]
BCNPPS1_2_SOLAR-APND,[]
BCNPPS2_2_SOLAR-APND,[]
BCNPPS3_2_SOLAR-APND,[]
BCNPPS4_2_SOLAR-APND,[]
BCNPPS5_2_SOLAR-APND,[]
BELLEF_2_BSFBX3-APND,[]
BELLEF_2_BSFSX3-APND,[]
BGROCK_2_BRFBX2-APND,[]
BIGCRK_2_EXESWD-APND,[]
BLKCRK_2_GMCBT1-APND,"['TOT223G_7_NT1A', 'TOT223G_7_NT1B']"
BLKCRK_2_SOLAR1-APND,"['TOT223G_7_NT1A', 'TOT223G_7_NT1B']"
BLK_EGL_7_BEGL-APND,[]
BLM_2_UNITS-APND,[]
BOKS_1_SOLAR-APND,[]
BOX_CNYN_1_GEN_TOTAL-APND,[]
BPAT_AVA.BPAT-APND,[]
BPAT_BC.US.BORDER-APND,[]
BPAT_BOUNDARY-APND,[]
BPAT_BPAT.AVRN-APND,[]
BPAT_BPAT.NWMT-APND,[]
BPAT_BPAT.PACW-APND,[]
BPAT_BPAT.PGE-APND,[]
BPAT_BPAT.PSEI-APND,[]
BPAT_BPAT.SCL-APND,[]
BPAT_BPAT.TPU-APND,[]
BPAT_CAPTAINJACK-APND,[]
BPAT_COBH-APND,[]
BPAT_COYSPR2-APND,[]
BPAT_GARRISON-APND,[]
BPAT_GRIZZLY-APND,[]
BPAT_HILLTOP345-APND,[]
BPAT_JOHNDAY-APND,[]
BPAT_KFALLSGEN-APND,[]
BPAT_KFALLSGEN.AVRN-APND,[]
BPAT_LAGRANDE-APND,[]
BPAT_MALIN-APND,[]
BPAT_MALIN230-APND,[]
BPAT_MCNARY-APND,[]
BPAT_MIDCREMOTE-APND,[]
BPAT_MINTFARM-APND,[]
BPAT_MSS_COLUMB-APND,[]
BPAT_MSS_KLICK-APND,[]
BPAT_MSS_WASCO-APND,[]
BPAT_NOB.LDWP-APND,[]
BPAT_POPD-APND,[]
BRODIE_2_WIND-APND,[]
BRP1_2_BEAVER1-7-APND,[]
BST_1_17900_ANT_BST-APND,[]
BUCKBL_2_PL1X3-APND,[]
BUCKCK_7_PL1X2-APND,"['BCKSCRK_7_B2', 'BCKSCRK_7_B3', 'BCKSCRK_7_N002']"
BZ_7_STZ-TRPG-APND,[]
CALGEN_1_UNITS-APND,[]
CAMCHE_1_PL1X3-APND,"['CAMANCHE_7_N001', 'CAMANCHE_7_N002', 'CAMANCHE_7_N003']"
CANFERRY_1_CYFY-APND,[]
CARBOU_7_PL2X3-APND,"['CARABOU_7_B1', 'CARABOU_7_B3']"
CARBOU_7_PL4X5-APND,"['CRBU38812_7_B1', 'CRBU38812_7_B3']"
CARLS1_2_CARCT1-APND,[]
CAR_1_CARMEN_S_PLANT-APND,[]
CDR_1_CHANDLER_PLANT-APND,[]
CDWR07_2_GEN-APND,[]
CEDARFLS_1_AGGGEN-APND,[]
CENTPD_2_BMSSX2-APND,[]
CENTPD_2_BMSX2-APND,[]
CENTRY_6_PL1X4-APND,"['AGUAMNSA_7_B1', 'CENTURY_7_B1', 'CENTURY_7_B3', 'CENTURY_7_B4', 'CENTURY_7_B5', 'DREWSG12_7_B1', 'DREWSG12_7_B3', 'DREWSG34_7_B1', 'DREWSG34_7_B3', 'VSTA_6_N001', 'VSTA_6_N008']"
CGAP_CHPD_MIDC-APND,[]
CGAP_DOPD_MIDC-APND,[]
CGAP_GCPD_MIDC-APND,[]
CGR_1_COUGAR_PLANT-APND,[]
CHESTN_2_CHWBX2-APND,[]
CHESTN_2_CHWSX2-APND,[]
CIG_6_PL-APND,[]
CLAP_AEPCO-APND,[]
CLAP_BANCMID-APND,[]
CLAP_BANCRDNG-APND,[]
CLAP_BANCRSVL-APND,[]
CLAP_BANCSMUD-APND,[]
CLAP_BANCWASN-APND,[]
CLAP_BANKPP-APND,[]
CLAP_BUNDLD-APND,[]
CLAP_CDWR07-APND,[]
CLAP_CIMWND-APND,[]
CLAP_CMS1-APND,"['COPPERMT_6_GN001', 'COPPERMT_7_N002']"
CLAP_CMS2-APND,['LSCM92_7_N005']
CLAP_CMS4-APND,[]
CLAP_CPVERD-APND,['C590M1_7_N004']
CLAP_CSLR4S-APND,['Q510_7_N005']
CLAP_DAC-APND,[]
CLAP_DIABLO-APND,[]
CLAP_DOSMGO-APND,[]
CLAP_DREWSR-APND,[]
CLAP_EAGLEMTN-APND,[]
CLAP_EDMONS-APND,[]
CLAP_ENERSJ-APND,[]
CLAP_ESJWD2-APND,[]
CLAP_GARLND-APND,[]
CLAP_GENE_INTAKE-APND,['GENE_2_N001']
CLAP_GW2BT1-APND,[]
CLAP_HWP1-APND,['MCSNCK1_7_B1']
CLAP_HWP2-APND,[]
CLAP_HYTTHM-APND,[]
CLAP_IRONMTN-APND,['IRONMTN_2_N001']
CLAP_IVSLR2-APND,[]
CLAP_IVSLRP-APND,['IVSOLARS_7_N007']
CLAP_IVWEST-APND,[]
CLAP_JHINDS-APND,[]
CLAP_LARKSP-APND,"['BORDER_6_N001', 'BORDER_6_N008']"
CLAP_LAROA2-APND,['LAROA2CT_7_B1']
CLAP_LMEC-APND,"['LMECCT1_7_B1', 'LMECCT1_7_N001', 'LMECCT2_7_B1', 'LMECCT2_7_N001', 'LMECST1_7_B1', 'LMECST1_7_N001']"
CLAP_MRCHNT-APND,[]
CLAP_MSLD67-APND,"['MOSSLND6_7_B2', 'MOSSLND6_7_ND001', 'MOSSLND7_7_B2', 'MOSSLND7_7_ND001']"
CLAP_OCTILO-APND,[]
CLAP_OGROVE-APND,[]
CLAP_OSO-APND,[]
CLAP_PEARBL-APND,"['PEARBMAP_7_B1', 'PEARBMAP_7_B3', 'PEARBMAP_7_B4']"
CLAP_PLUMAS-APND,[]
CLAP_PRIMM-APND,[]
CLAP_PRIMMBT1-APND,[]
CLAP_SANCLA-APND,[]
CLAP_SOTP-APND,[]
CLAP_SRMSR1-APND,[]
CLAP_SZWDN-APND,[]
CLAP_SZWDS-APND,[]
CLAP_TERMEX-APND,[]
CLAP_TRNQLT-APND,[]
CLAP_WALC-APND,[]
CLAP_WISTRA-APND,[]
CLAP_WWRSR1-APND,[]
CLARK_7_UNITS 11-14-APND,[]
CLARK_7_UNITS 15-18-APND,[]
CLARK_7_UNITS 19-22-APND,[]
CLARK_7_UNITS 5-6 10-APND,[]
CLARK_7_UNITS 7-9-APND,[]
CLEARWTR_1_GEN_TOTAL-APND,[]
CLEARWTR_1_NCL-APND,[]
CLINESCO_3_ELCABOWF-APND,[]
CMC_7_ALIGNEDDC-APND,[]
CMS3PP_5_SOLAR-APND,[]
COLUSA_2_PL1X3-APND,[]
COLVIL_7_PL1X2-APND,"['COLLRVL1_7_B1', 'COLLRVL2_7_B1']"
CORONS_6_CLRWTR-APND,[]
COVE_1_GEO-APND,[]
COYOTESP_5_GEN_CC-APND,[]
CPG_2_BLKA-APND,[]
CPG_2_BLKB-APND,[]
CPG_2_BLKC-APND,[]
CPP_2_PL-APND,[]
CPXG_6_SOLAR-APND,[]
CRESTA_7_PL1X2-APND,"['CRESTA_7_B1', 'CRESTA_7_B3']"
CROOKEDF_1_CFALLS-APND,[]
CSF_1_HIGHLNDS_PLANT-APND,[]
CSG_2_PL-APND,[]
CSP1_5_COYOTE1-APND,[]
CUSHMAN_7_GEN-APND,[]
CWP_1_CONDWIND_PLANT-APND,[]
CYP1_5_CARTY1-APND,[]
CZF_2_COWFALLS_PLANT-APND,[]
DAVIS_2_HYDR-APND,[]
DBN_2_BLK1-APND,[]
DC_ADLNTO-APND,[]
DC_ADLNTO_BURB-APND,[]
DC_ADLNTO_GLEN-APND,[]
DC_ADLNTO_LADWP-APND,[]
DC_CELILO-APND,[]
DC_CELILO_BURB-APND,[]
DC_CELILO_GLEN-APND,[]
DC_CELILO_LADWP-APND,[]
DC_INTMNT-APND,[]
DC_INTMTN_BURB-APND,[]
DC_INTMTN_GLEN-APND,[]
DC_INTMTN_LADWP-APND,[]
DC_SYLMAR-APND,[]
DC_SYLMAR_BURB-APND,[]
DC_SYLMAR_GLEN-APND,[]
DC_SYLMAR_LADWP-APND,[]
DELSUR_6_CREST-APND,"['DELSURC1_7_N003', 'DELSURC1_7_N004', 'DELSURC1_7_N005', 'DELSURC1_7_N006']"
DELTA_2_PL1X4-APND,[]
DET_2_DETROIT_PLANT-APND,[]
DGAP_AESO-APND,[]
DGAP_AVA-APND,[]
DGAP_AVRN-APND,[]
DGAP_AZPS-APND,[]
DGAP_BANC-APND,[]
DGAP_BCHA-APND,[]
DGAP_BNBA-APND,[]
DGAP_BPAT-APND,[]
DGAP_BURBANK-APND,[]
DGAP_CEN-APND,[]
DGAP_CHPD-APND,[]
DGAP_CISO-APND,[]
DGAP_DEAA-APND,[]
DGAP_DOPD-APND,[]
DGAP_EPE-APND,[]
DGAP_GCPD-APND,[]
DGAP_GLENDALE-APND,[]
DGAP_GRID-APND,[]
DGAP_GWA-APND,[]
DGAP_HGMA-APND,[]
DGAP_IID-APND,[]
DGAP_IPCO-APND,[]
DGAP_LADWP-APND,[]
DGAP_NEVP-APND,[]
DGAP_NWMT-APND,[]
DGAP_PGE-APND,[]
DGAP_PNM-APND,[]
DGAP_PSCO-APND,[]
DGAP_PSEI-APND,[]
DGAP_SCL-APND,[]
DGAP_SPP-APND,[]
DGAP_SRP-APND,[]
DGAP_TEPC-APND,[]
DGAP_TIDC-APND,[]
DGAP_TPWR-APND,[]
DGAP_WACM-APND,[]
DGAP_WALC-APND,[]
DGAP_WAUW-APND,[]
DGAP_WWA-APND,[]
DLAP_PGAE-APND,[]
DLAP_SCE-APND,[]
DLAP_SDGE-APND,[]
DLAP_VEA-APND,[]
DMDVLY_1_UNITS-APND,"['ESRPP1_7_N001', 'ESRPP1_7_N003', 'ESRPP1_7_N004', 'ESRPP1_7_N005', 'ESRPP2_7_N001', 'ESRPP2_7_N003', 'ESRPP2_7_N004', 'ESRPP2_7_N005', 'ESRPP3_7_N001', 'ESRPP3_7_N002', 'ESRPP3_7_N004', 'ESRPP3_7_N005']"
DREWS_6_PL1X4-APND,"['AGUAMNSA_7_B1', 'CENTURY_7_B1', 'CENTURY_7_B3', 'CENTURY_7_B4', 'CENTURY_7_B5', 'DREWSG12_7_B1', 'DREWSG12_7_B3', 'DREWSG34_7_B1', 'DREWSG34_7_B3', 'VSTA_6_N001', 'VSTA_6_N008']"
DRUM_7_PL1X2-APND,"['DRUM38780_7_B1', 'DRUM38780_7_B3']"
DRUM_7_PL3X4-APND,"['DRUM38780_7_B4', 'DRUM38780_7_B7']"
DRYE_6_WIND-APND,[]
DRYW_6_WIND-APND,[]
DSN_7_FHS_BESS-APND,[]
DSRTSL_2_SOLAR1-APND,[]
DSRTSN_2_DS2BX2-APND,[]
DSRTSN_2_DS2X2-APND,[]
DSRTSN_2_SOLAR1-APND,[]
DSRTSN_2_SOLAR2-APND,[]
DUANE_1_PL1X3-APND,[]
DVLCYN_1_UNITS-APND,[]
DWR_5_DWORSHAK_PLANT-APND,[]
ELAND1_2_HYBRID-APND,[]
ELAND2_2_HYBRID-APND,[]
ELAP_AVA-APND,[]
ELAP_AVRN-APND,[]
ELAP_AZPS-APND,[]
ELAP_BANC-APND,[]
ELAP_BCHA-APND,[]
ELAP_BPAT-APND,[]
ELAP_EPE-APND,[]
ELAP_IPCO-APND,[]
ELAP_LADWP-APND,[]
ELAP_NEVP-APND,[]
ELAP_NWMT-APND,[]
ELAP_PGE-APND,[]
ELAP_PNM-APND,[]
ELAP_PSEI-APND,[]
ELAP_SCL-APND,[]
ELAP_SRP-APND,[]
ELAP_TEPC-APND,[]
ELAP_TIDC-APND,[]
ELAP_TPWR-APND,[]
ELAP_WALC-APND,[]
ELECTR_7_PL1X3-APND,"['ELECTRA_7_B1', 'ELECTRA_7_B3', 'ELECTRA_7_B4']"
ELKHIL_2_PL1X3-APND,[]
ELKHRN_1_EESX3-APND,[]
ELSEGN_2_UN1011-APND,"['UNIT5GT_7_N001', 'UNIT6ST_7_N001']"
ELSEGN_2_UN2021-APND,[]
EPE_AFTON345_EPE-APND,[]
EPE_AIRPORT115_EPE-APND,[]
EPE_AMRAD115_EPE-APND,[]
EPE_GREENLEE_EPE-APND,[]
EPE_HIDALGO345_EPE-APND,[]
EPE_LASCRCS115_EPE-APND,[]
EPE_LUNA345_EPE-APND,[]
EPE_MACHOSPRNG345-APND,[]
EPE_OROGRANDE115_EPE-APND,[]
EPE_OSOGRANDE-APND,[]
EPE_PALOVERDE500_EPE-APND,[]
EPE_PICACHO115_EPE-APND,[]
EPE_SPRINGER_EPE-APND,[]
EPE_WM345_EPE-APND,[]
ESR_1_UNITS-APND,[]
FER_1_UNITS-APND,[]
FH_7_FT_HUACH_SOLR-APND,[]
FILIPPI_2_QZSBTX-APND,[]
FILIPPI_2_QZSSRX-APND,[]
FOLSOM_7_UNITS-APND,[]
FOS_1_FOSTER_PLANT-APND,[]
FRFLD_WD_6_AGG-APND,[]
GATWAY_2_PL1X3-APND,[]
GENESI_2_STG-APND,[]
GHE_2_GRAYS_H_PLANT-APND,[]
GILROY_1_UNIT-APND,[]
GILRPP_1_PL1X2-APND,[]
GLD_2_UNITS-APND,[]
GLRV_5_BLK1-APND,[]
GLRV_5_BLK4-APND,[]
GL_2_MWE-APND,[]
GORGE_2_AGGGEN-APND,[]
GPR_1_GRN_PETE_PLANT-APND,[]
GPS_1_GOOSE_PR_PLANT-APND,[]
GRIFFITH_ASR-APND,[]
GRNLF1_1_PL1X2-APND,[]
GR_5_GILA_RIVER_2-APND,[]
GR_5_GILA_RIVER_3-APND,[]
GWFPWR_1_UNITS-APND,"['GWFCT1_7_B1', 'GWFCT2_7_B1']"
GYS5X6_7_UNITS-APND,"['GEYSR5-6_7_B2', 'GEYSR5-6_7_B3', 'GEYSR5-6_7_N001']"
GYS7X8_7_UNITS-APND,"['GEYSER78_7_B1', 'GEYSER78_7_B3']"
H ALLEN_7_UNIT 3-4-APND,[]
HAASPH_7_PL1X2-APND,"['HAAS_7_B1', 'HAAS_7_B11']"
HACC_7_UNITS 5-7-APND,[]
HARBGN_7_UNITS-APND,"['HARBORG_7_B2', 'HARBORG_7_B3', 'HARBORG_7_B4', 'HARBORG_7_N101']"
HARGS_1_CC_1_2_5-APND,[]
HAR_5_BLK1-APND,[]
HAS_7_HAVASU_SOLAR-APND,[]
HAVASU_2_CAPAGPUMPS-APND,[]
HAYGS_2_CC8_9_10-APND,[]
HBW_2_SHEPDSSC_PLANT-APND,[]
HCR_1_HILLS_CR_PLANT-APND,[]
HENRTA_6_ELCBX2-APND,[]
HGH_2_HUNGRY_H_PLANT-APND,[]
HICKMAN_7_PLANT-APND,[]
HIDSRT_2_UNITS-APND,"['HIDEDCT1_7_B1', 'HIDEDCT2_7_B1', 'HIDEDCT3_7_B1', 'HIDEDST1_7_B1']"
HIGGINS_7_UNITS-APND,[]
HMJ_1_JACKSN_PLANT-APND,[]
HNTGBH_2_PL1X3-APND,[]
HOLTER_1_HLTR-APND,[]
HRW_1_HOPKRIDG_PLANT-APND,[]
HUMBPP_6_UNITS-APND,"['HMBLTBY_6_N003', 'HMBUNIT1_7_GN010', 'HMBUNIT2_7_GN010']"
HWP_2_WHITECRK_PLANT-APND,[]
HYTTHM_2_UNITS-APND,[]
INTGS_3_PP-APND,[]
INTKEP_2_UNITS-APND,[]
IPCO_BORA-APND,[]
IPCO_BPAT.PSEI-APND,[]
IPCO_GSHN-APND,[]
IPCO_HMWY-APND,[]
IPCO_HURR-APND,[]
IPCO_JBSN-APND,[]
IPCO_LAGRANDE-APND,[]
IPCO_LOLO-APND,[]
IPCO_M345-APND,[]
IPCO_PTSN-APND,[]
IPCO_SCLLAGRANDEIPC-APND,[]
IPCO_TENDOY-APND,[]
IPCO_WALLAWALLA-APND,[]
IVWEST_2_SOLAR1-APND,[]
JOA_5_SON_HYBRID-APND,[]
KAISER_7_NCL-APND,[]
KELSO_2_UNITS-APND,['KELSO_2_N001']
KERR_1_SKQ-APND,[]
KLAMB_BP_5_CC-APND,[]
KLAMB_BP_5_PEAKER-APND,[]
KLNDSCHL_2_K3-APND,[]
KOLA_2_KLBBT1-APND,[]
KRAMER_1_R1BX3-APND,[]
KRAMER_1_R1PX3-APND,[]
KRAMER_1_R2BX2-APND,"['SUNGEN6G_7_N004', 'SUNGEN6G_7_N005', 'SUNGEN7G_7_N003', 'SUNGEN7G_7_N005']"
KRAMER_1_R2PX2-APND,"['SUNGEN6G_7_N004', 'SUNGEN6G_7_N005', 'SUNGEN7G_7_N003', 'SUNGEN7G_7_N005']"
KY_6_BLK7-APND,[]
LADWP_APEX_NEVP-APND,[]
LADWP_CRYSTAL500-APND,[]
LADWP_GON.IPP-APND,[]
LADWP_IPP.ACES-APND,[]
LADWP_MCC230.LDWP-APND,[]
LADWP_MCCULLOUG230-APND,[]
LADWP_MEAD230.LDWP-APND,[]
LADWP_MPAC-APND,[]
LADWP_MRKTPLACE.LDWP-APND,[]
LADWP_NAVAJO-APND,[]
LADWP_NOB.LDWP-APND,[]
LAGRANDE_7_GEN1_4-APND,[]
LAGRANGE_6_PLANT-APND,[]
LANCASTR_2_GEN_CC-APND,[]
LAROA2_2_UNITA1-APND,[]
LBG_6_LEABURG_PLANT-APND,[]
LEANJUN2_2_LJ2-APND,[]
LEBECS_2_UNITS-APND,[]
LECEF_1_UNITS-APND,[]
LENZIE_7_UNITS PB1-APND,[]
LENZIE_7_UNITS PB2-APND,[]
LGPR_2_G011_G012-APND,[]
LIB_2_LIBBY_PLANT-APND,[]
LMEC_1_PL1X3-APND,"['LMECCT1_7_B1', 'LMECCT1_7_N001', 'LMECCT2_7_B1', 'LMECCT2_7_N001', 'LMECST1_7_B1', 'LMECST1_7_N001']"
LODIEC_2_PL1X2-APND,"['LODICTG_7_B1', 'LODISTG_7_B1']"
LOP_1_LOOKOTPT_PLANT-APND,[]
LOS_1_LSTCR_PH_PLANT-APND,[]
LSW_2_PHALGLCH_PLANT-APND,[]
LVCOGEN_1_UNITS PB2-3-APND,[]
LVF_1_FIBRE89_PLANT-APND,[]
LWRCOL_5_ABC_ORA-APND,[]
LWRCOL_5_APR_ORA-APND,[]
LWRCOL_5_BASE_ORA-APND,[]
LWRCOL_5_CR-APND,[]
LWRSNK_5_ABC_ORA-APND,[]
LWRSNK_5_APR_ORA-APND,[]
LWRSNK_5_BASE_ORA-APND,[]
LWRSNK_5_CR-APND,[]
MALAGA_1_ACDBX2-APND,[]
MANZNA_2_WIND-APND,[]
MARVEL_2_MARBX2-APND,[]
MAYFIELD_7_GEN-APND,[]
MCFLND_5_MBSBX2-APND,[]
MDFKRL_2_PROJCT-APND,[]
MDF_7_MIDLFRK_PLANT-APND,[]
MEE_5_BLK1-APND,[]
MELONP_7_UNITS-APND,[]
METEC_2_PL1X3-APND,[]
MIDC_5_PGESHARE-APND,[]
MIDC_7_CHPDPSESHARE-APND,[]
MIDC_7_DOPDPGESHARE-APND,[]
MIDC_7_GCPDPSESHARE-APND,[]
MIDSUN_1_PL1X2-APND,[]
MIL1_3_WIND-APND,[]
MIL2_3_WIND-APND,[]
MLAP_ANHM-APND,"['CANYONP1_7_GN001', 'CANYONP2_7_GN001', 'CANYONP3_7_GN001']"
MLAP_NCPA-APND,[]
MLAP_RVSD-APND,"['RERCU1_7_B1', 'RERCU2_7_B1', 'RERCU3_7_GN001', 'RERCU4_7_GN001', 'RIVRSIDE_6_N001']"
MLAP_VERN-APND,"['VERNON_6_N005', 'VERNON_6_N006']"
MOAPP_5_SOLAR-APND,[]
MONTPH_7_UNITS-APND,"['MONTICLO_7_N001', 'MONTICLO_7_N002', 'MONTICLO_7_N003']"
MOSSLD_2_PSP1-APND,[]
MOSSLD_2_PSP2-APND,[]
MRCHNT_2_PL1X3-APND,"['MRCHNT13_7_N001', 'MRCHNT13_7_N002', 'MRCHNT2_7_N001']"
MSSHL100_1_MSG12-APND,[]
MTF_2_UNITS-APND,[]
MYSTIC_7_MYST-APND,[]
NAVYII_2_UNITS-APND,"['NAVYII4G_7_B1', 'NAVYII5G_7_B1', 'NAVYII6G_7_B1']"
NEVP_APEX_NEVP-APND,[]
NEVP_BCTAP230-APND,[]
NEVP_CRYSTAL500-APND,[]
NEVP_CRYSTAL500_NEVP-APND,[]
NEVP_GON.IPP-APND,[]
NEVP_GON.PAV-APND,[]
NEVP_HILLTOP345-APND,[]
NEVP_M345-APND,[]
NEVP_MCCULLOUG230-APND,[]
NEVP_MEAD230_NEVP-APND,[]
NEVP_MEAD500-APND,[]
NEVP_MEAD5MSCHD-APND,[]
NEVP_REDB-APND,[]
NHOGAN_6_UNITS-APND,"['NHGNDM_7_N001', 'NHGNDM_7_N002']"
NHW_2_SHEPDSNC_PLANT-APND,[]
NINE_MI_1_GEN_TOTAL-APND,[]
NORORC_2_NOSBX2-APND,[]
NWMT_AVA.COLSTRIP-APND,[]
NWMT_AVAT.NWMT-APND,[]
NWMT_BPAT.NWMT-APND,[]
NWMT_BRDY-APND,[]
NWMT_GARRISON-APND,[]
NWMT_JEFF-APND,[]
NWMT_PACW.COLSTRIP-APND,[]
NWMT_PGE.COLSTRIP-APND,[]
NWMT_PSE.COLSTRIP-APND,[]
NWMT_PTSN-APND,[]
NWMT_TENDOY-APND,[]
NWMT_YTP-APND,[]
NWM_1_NEWMAN_4CC-APND,[]
NWM_1_NEWMAN_5CC-APND,[]
OBERON_5_O1BBX2-APND,"['OBERON_7_N122', 'OBERON_7_N132']"
OBERON_5_O1SSX2-APND,[]
OBERON_5_O2BBX2-APND,"['OBERON_7_N172', 'OBERON_7_N182']"
OGPP_2_OG-APND,[]
OGROVE_6_PL1X2-APND,[]
ONLLPP_6_UNITS-APND,"['ONEILPMP_7_LN001', 'ONEILPMP_7_N001', 'ONEILPMP_7_N002', 'ONEILPMP_7_N003', 'ONEILPMP_7_N004', 'ONEILPMP_7_N005', 'ONEILPMP_7_N006']"
OSO_3_OSO_GRANDE-APND,[]
OTMESA_2_PL1X3-APND,[]
PALOMR_2_PL1X3-APND,[]
PALOVRDE_ASR-APND,[]
PARDEB_6_UNITS-APND,[]
PARKER_2_HYDR-APND,[]
PGCC_1_PDRP02-APND,[]
PGCC_1_PDRP04-APND,[]
PGCC_1_PDRP06-APND,[]
PGCC_1_PDRP07-APND,[]
PGCC_1_PDRP08-APND,[]
PGCC_1_PDRP09-APND,[]
PGCC_1_PDRP100-APND,[]
PGCC_1_PDRP12-APND,[]
PGCC_1_PDRP13-APND,[]
PGCC_1_PDRP16-APND,[]
PGCC_1_PDRP17-APND,[]
PGCC_1_PDRP18-APND,[]
PGCC_1_PDRP19-APND,[]
PGCC_1_PDRP20-APND,[]
PGCC_1_PDRP21-APND,[]
PGCC_1_PDRP22-APND,[]
PGCC_1_PDRP24-APND,[]
PGCC_1_PDRP25-APND,[]
PGCC_1_PDRP26-APND,[]
PGCC_1_PDRP27-APND,[]
PGCC_1_PDRP28-APND,[]
PGCC_1_PDRP29-APND,[]
PGCC_1_PDRP31-APND,[]
PGCC_1_PDRP32-APND,[]
PGCC_1_PDRP33-APND,[]
PGCC_1_PDRP34-APND,[]
PGCC_1_PDRP35-APND,[]
PGCC_1_PDRP36-APND,[]
PGCC_1_PDRP41-APND,[]
PGCC_1_PDRP45-APND,[]
PGCC_1_PDRP52-APND,[]
PGCC_1_PDRP60-APND,[]
PGCC_1_PDRP98-APND,[]
PGCC_1_PDRP99-APND,[]
PGCC_1_RDRR01-APND,[]
PGEB_2_PDRP04-APND,[]
PGEB_2_PDRP05-APND,[]
PGEB_2_PDRP08-APND,[]
PGEB_2_PDRP09-APND,[]
PGEB_2_PDRP10-APND,[]
PGEB_2_PDRP100-APND,[]
PGEB_2_PDRP101-APND,[]
PGEB_2_PDRP102-APND,[]
PGEB_2_PDRP103-APND,[]
PGEB_2_PDRP104-APND,[]
PGEB_2_PDRP105-APND,[]
PGEB_2_PDRP107-APND,[]
PGEB_2_PDRP111-APND,[]
PGEB_2_PDRP112-APND,[]
PGEB_2_PDRP113-APND,[]
PGEB_2_PDRP12-APND,[]
PGEB_2_PDRP13-APND,[]
PGEB_2_PDRP14-APND,[]
PGEB_2_PDRP15-APND,[]
PGEB_2_PDRP21-APND,[]
PGEB_2_PDRP22-APND,[]
PGEB_2_PDRP23-APND,[]
PGEB_2_PDRP24-APND,[]
PGEB_2_PDRP25-APND,[]
PGEB_2_PDRP26-APND,[]
PGEB_2_PDRP27-APND,[]
PGEB_2_PDRP28-APND,[]
PGEB_2_PDRP29-APND,[]
PGEB_2_PDRP30-APND,[]
PGEB_2_PDRP31-APND,[]
PGEB_2_PDRP34-APND,[]
PGEB_2_PDRP35-APND,[]
PGEB_2_PDRP36-APND,[]
PGEB_2_PDRP37-APND,[]
PGEB_2_PDRP40-APND,[]
PGEB_2_PDRP41-APND,[]
PGEB_2_PDRP42-APND,[]
PGEB_2_PDRP43-APND,[]
PGEB_2_PDRP44-APND,[]
PGEB_2_PDRP45-APND,[]
PGEB_2_PDRP46-APND,[]
PGEB_2_PDRP47-APND,[]
PGEB_2_PDRP48-APND,[]
PGEB_2_PDRP49-APND,[]
PGEB_2_PDRP50-APND,[]
PGEB_2_PDRP51-APND,[]
PGEB_2_PDRP52-APND,[]
PGEB_2_PDRP53-APND,[]
PGEB_2_PDRP54-APND,[]
PGEB_2_PDRP55-APND,[]
PGEB_2_PDRP56-APND,[]
PGEB_2_PDRP57-APND,[]
PGEB_2_PDRP58-APND,[]
PGEB_2_PDRP60-APND,[]
PGEB_2_PDRP61-APND,[]
PGEB_2_PDRP62-APND,[]
PGEB_2_PDRP63-APND,[]
PGEB_2_PDRP64-APND,[]
PGEB_2_PDRP65-APND,[]
PGEB_2_PDRP66-APND,[]
PGEB_2_PDRP67-APND,[]
PGEB_2_PDRP68-APND,[]
PGEB_2_PDRP69-APND,[]
PGEB_2_PDRP70-APND,[]
PGEB_2_PDRP71-APND,[]
PGEB_2_PDRP73-APND,[]
PGEB_2_PDRP74-APND,[]
PGEB_2_PDRP76-APND,[]
PGEB_2_PDRP77-APND,[]
PGEB_2_PDRP78-APND,[]
PGEB_2_PDRP79-APND,[]
PGEB_2_PDRP80-APND,[]
PGEB_2_PDRP81-APND,[]
PGEB_2_PDRP82-APND,[]
PGEB_2_PDRP83-APND,[]
PGEB_2_PDRP84-APND,[]
PGEB_2_PDRP85-APND,[]
PGEB_2_PDRP93-APND,[]
PGEB_2_PDRP95-APND,[]
PGEB_2_PDRP96-APND,[]
PGEB_2_PDRP97-APND,[]
PGEB_2_PDRP98-APND,[]
PGEB_2_RDRR01-APND,[]
PGEB_2_RDRR02-APND,[]
PGE_BPAT.PGE-APND,[]
PGE_BPAT.PSEI-APND,[]
PGE_CAPTAINJACK-APND,[]
PGE_COBH-APND,[]
PGE_GRIZZLY-APND,[]
PGE_JOHNDAY-APND,[]
PGE_KFALLSGEN-APND,[]
PGE_MALIN-APND,[]
PGE_MIDC.AV-APND,[]
PGE_MIDCREMOTE-APND,[]
PGE_MIDC_PACW_PGE-APND,[]
PGE_MIDC_PSEI_PGE-APND,[]
PGE_PACW.PGE-APND,[]
PGE_PGE.COLSTRIP-APND,[]
PGE_ROUNDBUTTE-APND,[]
PGE_SCLBPATPGE-APND,[]
PGF1_2_PDRP03-APND,[]
PGF1_2_PDRP04-APND,[]
PGF1_2_PDRP05-APND,[]
PGF1_2_PDRP06-APND,[]
PGF1_2_PDRP104-APND,[]
PGF1_2_PDRP105-APND,[]
PGF1_2_PDRP106-APND,[]
PGF1_2_PDRP107-APND,[]
PGF1_2_PDRP108-APND,[]
PGF1_2_PDRP109-APND,[]
PGF1_2_PDRP11-APND,[]
PGF1_2_PDRP110-APND,[]
PGF1_2_PDRP111-APND,[]
PGF1_2_PDRP116-APND,[]
PGF1_2_PDRP12-APND,[]
PGF1_2_PDRP120-APND,[]
PGF1_2_PDRP127-APND,[]
PGF1_2_PDRP13-APND,[]
PGF1_2_PDRP14-APND,[]
PGF1_2_PDRP15-APND,[]
PGF1_2_PDRP16-APND,[]
PGF1_2_PDRP17-APND,[]
PGF1_2_PDRP18-APND,[]
PGF1_2_PDRP19-APND,[]
PGF1_2_PDRP20-APND,[]
PGF1_2_PDRP21-APND,[]
PGF1_2_PDRP24-APND,[]
PGF1_2_PDRP25-APND,[]
PGF1_2_PDRP26-APND,[]
PGF1_2_PDRP27-APND,[]
PGF1_2_PDRP28-APND,[]
PGF1_2_PDRP29-APND,[]
PGF1_2_PDRP30-APND,[]
PGF1_2_PDRP33-APND,[]
PGF1_2_PDRP36-APND,[]
PGF1_2_PDRP37-APND,[]
PGF1_2_PDRP38-APND,[]
PGF1_2_PDRP39-APND,[]
PGF1_2_PDRP40-APND,[]
PGF1_2_PDRP41-APND,[]
PGF1_2_PDRP42-APND,[]
PGF1_2_PDRP43-APND,[]
PGF1_2_PDRP44-APND,[]
PGF1_2_PDRP45-APND,[]
PGF1_2_PDRP46-APND,[]
PGF1_2_PDRP47-APND,[]
PGF1_2_PDRP48-APND,[]
PGF1_2_PDRP49-APND,[]
PGF1_2_PDRP50-APND,[]
PGF1_2_PDRP51-APND,[]
PGF1_2_PDRP52-APND,[]
PGF1_2_PDRP53-APND,[]
PGF1_2_PDRP54-APND,[]
PGF1_2_PDRP55-APND,[]
PGF1_2_PDRP56-APND,[]
PGF1_2_PDRP57-APND,[]
PGF1_2_PDRP58-APND,[]
PGF1_2_PDRP59-APND,[]
PGF1_2_PDRP60-APND,[]
PGF1_2_PDRP61-APND,[]
PGF1_2_PDRP62-APND,[]
PGF1_2_PDRP63-APND,[]
PGF1_2_PDRP64-APND,[]
PGF1_2_PDRP65-APND,[]
PGF1_2_PDRP66-APND,[]
PGF1_2_PDRP68-APND,[]
PGF1_2_PDRP69-APND,[]
PGF1_2_PDRP70-APND,[]
PGF1_2_PDRP71-APND,[]
PGF1_2_PDRP72-APND,[]
PGF1_2_PDRP73-APND,[]
PGF1_2_PDRP74-APND,[]
PGF1_2_PDRP75-APND,[]
PGF1_2_PDRP76-APND,[]
PGF1_2_PDRP77-APND,[]
PGF1_2_PDRP78-APND,[]
PGF1_2_PDRP79-APND,[]
PGF1_2_PDRP80-APND,[]
PGF1_2_PDRP81-APND,[]
PGF1_2_PDRP82-APND,[]
PGF1_2_PDRP83-APND,[]
PGF1_2_PDRP84-APND,[]
PGF1_2_PDRP85-APND,[]
PGF1_2_PDRP86-APND,[]
PGF1_2_PDRP87-APND,[]
PGF1_2_PDRP88-APND,[]
PGF1_2_PDRP89-APND,[]
PGF1_2_PDRP91-APND,[]
PGF1_2_PDRP93-APND,[]
PGF1_2_PDRP94-APND,[]
PGF1_2_PDRP95-APND,[]
PGF1_2_PDRP96-APND,[]
PGF1_2_PDRP97-APND,[]
PGF1_2_PDRP98-APND,[]
PGF1_2_RDRR01-APND,[]
PGF1_2_RDRR02-APND,[]
PGFG_1_PDRP05-APND,[]
PGFG_1_PDRP07-APND,[]
PGFG_1_PDRP08-APND,[]
PGFG_1_PDRP10-APND,[]
PGFG_1_PDRP13-APND,[]
PGFG_1_PDRP14-APND,[]
PGFG_1_PDRP15-APND,[]
PGFG_1_PDRP17-APND,[]
PGFG_1_PDRP19-APND,[]
PGFG_1_PDRP20-APND,[]
PGFG_1_PDRP21-APND,[]
PGFG_1_PDRP22-APND,[]
PGFG_1_PDRP23-APND,[]
PGFG_1_PDRP24-APND,[]
PGFG_1_PDRP25-APND,[]
PGFG_1_PDRP27-APND,[]
PGFG_1_PDRP28-APND,[]
PGFG_1_PDRP29-APND,[]
PGFG_1_PDRP32-APND,[]
PGFG_1_PDRP33-APND,[]
PGFG_1_PDRP35-APND,[]
PGFG_1_PDRP36-APND,[]
PGFG_1_PDRP38-APND,[]
PGFG_1_PDRP41-APND,[]
PGFG_1_PDRP44-APND,[]
PGFG_1_PDRP77-APND,[]
PGFG_1_RDRR01-APND,[]
PGG_2_PL-APND,[]
PGHB_6_PDRP02-APND,[]
PGHB_6_PDRP04-APND,[]
PGHB_6_PDRP05-APND,[]
PGHB_6_PDRP06-APND,[]
PGHB_6_PDRP07-APND,[]
PGHB_6_PDRP08-APND,[]
PGHB_6_PDRP09-APND,[]
PGHB_6_PDRP10-APND,[]
PGHB_6_PDRP11-APND,[]
PGHB_6_PDRP12-APND,[]
PGHB_6_PDRP14-APND,[]
PGHB_6_PDRP15-APND,[]
PGHB_6_PDRP16-APND,[]
PGKN_2_PDRP01-APND,[]
PGKN_2_PDRP02-APND,[]
PGKN_2_PDRP03-APND,[]
PGKN_2_PDRP04-APND,[]
PGKN_2_PDRP05-APND,[]
PGKN_2_PDRP06-APND,[]
PGKN_2_PDRP07-APND,[]
PGKN_2_PDRP08-APND,[]
PGKN_2_PDRP09-APND,[]
PGKN_2_PDRP10-APND,[]
PGKN_2_PDRP12-APND,[]
PGKN_2_PDRP13-APND,[]
PGKN_2_PDRP14-APND,[]
PGKN_2_PDRP15-APND,[]
PGKN_2_PDRP16-APND,[]
PGKN_2_PDRP17-APND,[]
PGKN_2_PDRP18-APND,[]
PGKN_2_PDRP19-APND,[]
PGKN_2_PDRP20-APND,[]
PGKN_2_PDRP21-APND,[]
PGKN_2_PDRP22-APND,[]
PGKN_2_PDRP24-APND,[]
PGKN_2_PDRP25-APND,[]
PGKN_2_PDRP32-APND,[]
PGKN_2_PDRP33-APND,[]
PGKN_2_PDRP34-APND,[]
PGKN_2_PDRP35-APND,[]
PGKN_2_PDRP36-APND,[]
PGKN_2_PDRP37-APND,[]
PGKN_2_PDRP38-APND,[]
PGKN_2_PDRP40-APND,[]
PGKN_2_PDRP41-APND,[]
PGKN_2_PDRP42-APND,[]
PGKN_2_PDRP43-APND,[]
PGKN_2_PDRP44-APND,[]
PGKN_2_PDRP48-APND,[]
PGKN_2_PDRP49-APND,[]
PGKN_2_PDRP50-APND,[]
PGKN_2_PDRP51-APND,[]
PGKN_2_PDRP53-APND,[]
PGKN_2_PDRP59-APND,[]
PGKN_2_RDRR02-APND,[]
PGNB_2_PDRP02-APND,[]
PGNB_2_PDRP03-APND,[]
PGNB_2_PDRP06-APND,[]
PGNB_2_PDRP07-APND,[]
PGNB_2_PDRP10-APND,[]
PGNB_2_PDRP101-APND,[]
PGNB_2_PDRP12-APND,[]
PGNB_2_PDRP15-APND,[]
PGNB_2_PDRP16-APND,[]
PGNB_2_PDRP17-APND,[]
PGNB_2_PDRP19-APND,[]
PGNB_2_PDRP20-APND,[]
PGNB_2_PDRP21-APND,[]
PGNB_2_PDRP22-APND,[]
PGNB_2_PDRP25-APND,[]
PGNB_2_PDRP26-APND,[]
PGNB_2_PDRP27-APND,[]
PGNB_2_PDRP28-APND,[]
PGNB_2_PDRP29-APND,[]
PGNB_2_PDRP30-APND,[]
PGNB_2_PDRP31-APND,[]
PGNB_2_PDRP32-APND,[]
PGNB_2_PDRP33-APND,[]
PGNB_2_PDRP34-APND,[]
PGNB_2_PDRP35-APND,[]
PGNB_2_PDRP36-APND,[]
PGNB_2_PDRP37-APND,[]
PGNB_2_PDRP42-APND,[]
PGNB_2_PDRP43-APND,[]
PGNB_2_PDRP44-APND,[]
PGNC_1_PDRP01-APND,[]
PGNC_1_PDRP02-APND,[]
PGNC_1_PDRP04-APND,[]
PGNC_1_PDRP05-APND,[]
PGNC_1_PDRP06-APND,[]
PGNC_1_PDRP07-APND,[]
PGNC_1_PDRP09-APND,[]
PGNC_1_PDRP14-APND,[]
PGNC_1_PDRP15-APND,[]
PGNC_1_PDRP16-APND,[]
PGNC_1_PDRP17-APND,[]
PGNC_1_PDRP18-APND,[]
PGNC_1_PDRP19-APND,[]
PGNC_1_PDRP20-APND,[]
PGNC_1_PDRP21-APND,[]
PGNC_1_PDRP22-APND,[]
PGNC_1_PDRP26-APND,[]
PGNC_1_RDRR02-APND,[]
PGNC_2_PDRP10-APND,[]
PGNC_2_PDRP11-APND,[]
PGNC_2_PDRP12-APND,[]
PGNP_2_PDRP02-APND,[]
PGNP_2_PDRP03-APND,[]
PGNP_2_PDRP04-APND,[]
PGNP_2_PDRP05-APND,[]
PGNP_2_PDRP06-APND,[]
PGNP_2_PDRP07-APND,[]
PGNP_2_PDRP08-APND,[]
PGNP_2_PDRP09-APND,[]
PGNP_2_PDRP10-APND,[]
PGNP_2_PDRP11-APND,[]
PGNP_2_PDRP16-APND,[]
PGNP_2_PDRP17-APND,[]
PGNP_2_PDRP18-APND,[]
PGNP_2_PDRP19-APND,[]
PGNP_2_PDRP20-APND,[]
PGNP_2_PDRP21-APND,[]
PGNP_2_PDRP22-APND,[]
PGNP_2_PDRP23-APND,[]
PGNP_2_PDRP24-APND,[]
PGNP_2_PDRP25-APND,[]
PGNP_2_PDRP26-APND,[]
PGNP_2_PDRP27-APND,[]
PGNP_2_PDRP28-APND,[]
PGNP_2_PDRP29-APND,[]
PGNP_2_PDRP30-APND,[]
PGNP_2_PDRP31-APND,[]
PGNP_2_PDRP34-APND,[]
PGNP_2_PDRP39-APND,[]
PGNP_2_PDRP40-APND,[]
PGNP_2_PDRP41-APND,[]
PGNP_2_PDRP42-APND,[]
PGNP_2_PDRP43-APND,[]
PGNP_2_PDRP44-APND,[]
PGNP_2_PDRP45-APND,[]
PGNP_2_PDRP46-APND,[]
PGNP_2_PDRP47-APND,[]
PGNP_2_PDRP48-APND,[]
PGNP_2_PDRP49-APND,[]
PGNP_2_PDRP50-APND,[]
PGNP_2_PDRP53-APND,[]
PGNP_2_PDRP55-APND,[]
PGNP_2_PDRP56-APND,[]
PGNP_2_PDRP58-APND,[]
PGNP_2_PDRP60-APND,[]
PGNP_2_RDRR02-APND,[]
PGNP_2_RDRR03-APND,[]
PGP2_2_PDRP05-APND,[]
PGP2_2_PDRP07-APND,[]
PGP2_2_PDRP08-APND,[]
PGP2_2_PDRP09-APND,[]
PGP2_2_PDRP101-APND,[]
PGP2_2_PDRP11-APND,[]
PGP2_2_PDRP17-APND,[]
PGP2_2_PDRP22-APND,[]
PGP2_2_PDRP23-APND,[]
PGP2_2_PDRP24-APND,[]
PGP2_2_PDRP25-APND,[]
PGP2_2_PDRP26-APND,[]
PGP2_2_PDRP28-APND,[]
PGP2_2_PDRP29-APND,[]
PGP2_2_PDRP30-APND,[]
PGP2_2_PDRP31-APND,[]
PGP2_2_PDRP32-APND,[]
PGP2_2_PDRP33-APND,[]
PGP2_2_PDRP35-APND,[]
PGP2_2_PDRP38-APND,[]
PGP2_2_PDRP42-APND,[]
PGP2_2_PDRP43-APND,[]
PGP2_2_PDRP44-APND,[]
PGP2_2_PDRP47-APND,[]
PGP2_2_PDRP48-APND,[]
PGP2_2_PDRP53-APND,[]
PGP2_2_PDRP54-APND,[]
PGP2_2_PDRP55-APND,[]
PGP2_2_PDRP56-APND,[]
PGP2_2_PDRP58-APND,[]
PGP2_2_PDRP60-APND,[]
PGP2_2_PDRP61-APND,[]
PGP2_2_PDRP62-APND,[]
PGP2_2_PDRP63-APND,[]
PGP2_2_PDRP64-APND,[]
PGP2_2_PDRP65-APND,[]
PGP2_2_PDRP67-APND,[]
PGP2_2_PDRP68-APND,[]
PGP2_2_PDRP69-APND,[]
PGSB_1_PDRP04-APND,[]
PGSB_1_PDRP08-APND,[]
PGSB_1_PDRP10-APND,[]
PGSB_1_PDRP101-APND,[]
PGSB_1_PDRP102-APND,[]
PGSB_1_PDRP103-APND,[]
PGSB_1_PDRP104-APND,[]
PGSB_1_PDRP106-APND,[]
PGSB_1_PDRP11-APND,[]
PGSB_1_PDRP111-APND,[]
PGSB_1_PDRP15-APND,[]
PGSB_1_PDRP17-APND,[]
PGSB_1_PDRP18-APND,[]
PGSB_1_PDRP19-APND,[]
PGSB_1_PDRP24-APND,[]
PGSB_1_PDRP29-APND,[]
PGSB_1_PDRP30-APND,[]
PGSB_1_PDRP31-APND,[]
PGSB_1_PDRP32-APND,[]
PGSB_1_PDRP33-APND,[]
PGSB_1_PDRP34-APND,[]
PGSB_1_PDRP35-APND,[]
PGSB_1_PDRP36-APND,[]
PGSB_1_PDRP42-APND,[]
PGSB_1_PDRP43-APND,[]
PGSB_1_PDRP44-APND,[]
PGSB_1_PDRP45-APND,[]
PGSB_1_PDRP46-APND,[]
PGSB_1_PDRP47-APND,[]
PGSB_1_PDRP48-APND,[]
PGSB_1_PDRP49-APND,[]
PGSB_1_PDRP50-APND,[]
PGSB_1_PDRP51-APND,[]
PGSB_1_PDRP52-APND,[]
PGSB_1_PDRP53-APND,[]
PGSB_1_PDRP54-APND,[]
PGSB_1_PDRP55-APND,[]
PGSB_1_PDRP56-APND,[]
PGSB_1_PDRP57-APND,[]
PGSB_1_PDRP58-APND,[]
PGSB_1_PDRP60-APND,[]
PGSB_1_PDRP63-APND,[]
PGSB_1_PDRP64-APND,[]
PGSB_1_PDRP66-APND,[]
PGSB_1_PDRP67-APND,[]
PGSB_1_PDRP68-APND,[]
PGSB_1_PDRP69-APND,[]
PGSB_1_PDRP70-APND,[]
PGSB_1_PDRP71-APND,[]
PGSB_1_PDRP72-APND,[]
PGSB_1_PDRP73-APND,[]
PGSB_1_PDRP74-APND,[]
PGSB_1_PDRP76-APND,[]
PGSB_1_PDRP77-APND,[]
PGSB_1_PDRP78-APND,[]
PGSB_1_PDRP83-APND,[]
PGSB_1_PDRP87-APND,[]
PGSB_1_PDRP89-APND,[]
PGSB_1_PDRP90-APND,[]
PGSB_1_PDRP91-APND,[]
PGSB_1_PDRP92-APND,[]
PGSB_1_PDRP93-APND,[]
PGSB_1_PDRP94-APND,[]
PGSB_1_PDRP95-APND,[]
PGSB_1_PDRP96-APND,[]
PGSB_1_PDRP97-APND,[]
PGSB_1_PDRPCON01-APND,[]
PGSB_1_PDRPCUR01-APND,[]
PGSB_1_RDRR02-APND,[]
PGSF_2_PDRP03-APND,[]
PGSF_2_PDRP04-APND,[]
PGSF_2_PDRP08-APND,[]
PGSF_2_PDRP100-APND,[]
PGSF_2_PDRP12-APND,[]
PGSF_2_PDRP13-APND,[]
PGSF_2_PDRP18-APND,[]
PGSF_2_PDRP19-APND,[]
PGSF_2_PDRP20-APND,[]
PGSF_2_PDRP21-APND,[]
PGSF_2_PDRP22-APND,[]
PGSF_2_PDRP23-APND,[]
PGSF_2_PDRP26-APND,[]
PGSF_2_PDRP27-APND,[]
PGSF_2_PDRP28-APND,[]
PGSF_2_PDRP29-APND,[]
PGSF_2_PDRP33-APND,[]
PGSF_2_PDRP34-APND,[]
PGSF_2_PDRP35-APND,[]
PGSF_2_PDRP36-APND,[]
PGSF_2_PDRP37-APND,[]
PGSF_2_PDRP38-APND,[]
PGSF_2_PDRP39-APND,[]
PGSF_2_PDRP46-APND,[]
PGSF_2_PDRP49-APND,[]
PGSF_2_PDRP50-APND,[]
PGSF_2_PDRP51-APND,[]
PGSF_2_PDRP52-APND,[]
PGSF_2_PDRP53-APND,[]
PGSF_2_PDRP54-APND,[]
PGSF_2_PDRP56-APND,[]
PGSF_2_PDRP57-APND,[]
PGSF_2_PDRP58-APND,[]
PGSF_2_PDRP59-APND,[]
PGSI_1_PDRP02-APND,[]
PGSI_1_PDRP04-APND,[]
PGSI_1_PDRP05-APND,[]
PGSI_1_PDRP08-APND,[]
PGSI_1_PDRP09-APND,[]
PGSI_1_PDRP10-APND,[]
PGSI_1_PDRP100-APND,[]
PGSI_1_PDRP101-APND,[]
PGSI_1_PDRP11-APND,[]
PGSI_1_PDRP12-APND,[]
PGSI_1_PDRP13-APND,[]
PGSI_1_PDRP15-APND,[]
PGSI_1_PDRP16-APND,[]
PGSI_1_PDRP17-APND,[]
PGSI_1_PDRP20-APND,[]
PGSI_1_PDRP21-APND,[]
PGSI_1_PDRP22-APND,[]
PGSI_1_PDRP23-APND,[]
PGSI_1_PDRP24-APND,[]
PGSI_1_PDRP25-APND,[]
PGSI_1_PDRP26-APND,[]
PGSI_1_PDRP27-APND,[]
PGSI_1_PDRP28-APND,[]
PGSI_1_PDRP29-APND,[]
PGSI_1_PDRP31-APND,[]
PGSI_1_PDRP33-APND,[]
PGSI_1_PDRP35-APND,[]
PGSI_1_PDRP36-APND,[]
PGSI_1_PDRP37-APND,[]
PGSI_1_PDRP40-APND,[]
PGSI_1_PDRP42-APND,[]
PGSI_1_PDRP43-APND,[]
PGSI_1_PDRP44-APND,[]
PGSI_1_PDRP45-APND,[]
PGSI_1_PDRP46-APND,[]
PGSI_1_PDRP48-APND,[]
PGSI_1_PDRP49-APND,[]
PGSI_1_PDRP53-APND,[]
PGSI_1_PDRP59-APND,[]
PGSI_1_RDRR02-APND,[]
PGST_2_PDRP01-APND,[]
PGST_2_PDRP02-APND,[]
PGST_2_PDRP03-APND,[]
PGST_2_PDRP04-APND,[]
PGST_2_PDRP05-APND,[]
PGST_2_PDRP06-APND,[]
PGST_2_PDRP07-APND,[]
PGST_2_PDRP08-APND,[]
PGST_2_PDRP09-APND,[]
PGST_2_PDRP10-APND,[]
PGST_2_PDRP11-APND,[]
PGST_2_PDRP13-APND,[]
PGST_2_PDRP14-APND,[]
PGST_2_PDRP15-APND,[]
PGST_2_PDRP16-APND,[]
PGST_2_PDRP17-APND,[]
PGST_2_PDRP30-APND,[]
PGST_2_PDRP31-APND,[]
PGST_2_PDRP32-APND,[]
PGST_2_PDRP33-APND,[]
PGST_2_PDRP34-APND,[]
PGST_2_PDRP35-APND,[]
PGST_2_PDRP36-APND,[]
PGST_2_PDRP37-APND,[]
PGST_2_PDRP38-APND,[]
PGST_2_PDRP39-APND,[]
PGST_2_PDRP40-APND,[]
PGST_2_PDRP42-APND,[]
PGST_2_RDRR01-APND,[]
PGZP_2_PDRP01-APND,[]
PGZP_2_PDRP02-APND,[]
PGZP_2_PDRP03-APND,[]
PGZP_2_PDRP04-APND,[]
PGZP_2_PDRP05-APND,[]
PGZP_2_PDRP07-APND,[]
PGZP_2_PDRP08-APND,[]
PGZP_2_PDRP09-APND,[]
PGZP_2_PDRP10-APND,[]
PGZP_2_PDRP11-APND,[]
PGZP_2_PDRP13-APND,[]
PGZP_2_PDRP15-APND,[]
PGZP_2_PDRP16-APND,[]
PGZP_2_PDRP17-APND,[]
PGZP_2_PDRP18-APND,[]
PGZP_2_PDRP19-APND,[]
PGZP_2_PDRP20-APND,[]
PGZP_2_PDRP21-APND,[]
PGZP_2_PDRP22-APND,[]
PGZP_2_PDRP24-APND,[]
PGZP_2_PDRP25-APND,[]
PGZP_2_PDRP26-APND,[]
PGZP_2_PDRP27-APND,[]
PGZP_2_PDRP28-APND,[]
PGZP_2_PDRP29-APND,[]
PGZP_2_PDRP30-APND,[]
PGZP_2_PDRP31-APND,[]
PGZP_2_PDRP32-APND,[]
PGZP_2_PDRP33-APND,[]
PGZP_2_PDRP34-APND,[]
PGZP_2_PDRP35-APND,[]
PGZP_2_PDRP36-APND,[]
PGZP_2_PDRP37-APND,[]
PGZP_2_PDRP40-APND,[]
PGZP_2_PDRP41-APND,[]
PGZP_2_PDRP42-APND,[]
PGZP_2_PDRP43-APND,[]
PGZP_2_PDRP44-APND,[]
PGZP_2_PDRP45-APND,[]
PGZP_2_PDRP49-APND,[]
PGZP_2_PDRP50-APND,[]
PGZP_2_PDRP51-APND,[]
PGZP_2_PDRP52-APND,[]
PGZP_2_PDRP61-APND,[]
PGZP_2_RDRR04-APND,[]
PHELPS_1_PD_NCL-APND,[]
PHP_7_UNIT1-2-APND,[]
PINFLT_7_UNITS-APND,"['PINEFLT_7_B1', 'PINEFLT_7_B3', 'PINEFLT_7_B4']"
PIT3_7_PL1X3-APND,"['PIT3_7_B2', 'PIT3_7_B3', 'PIT3_7_B4', 'PIT3_7_N001']"
PIT4_7_PL1X2-APND,"['PIT4_7_B1', 'PIT4_7_B3']"
PIT5_7_PL1X2-APND,"['PIT5_7_B3', 'PIT5_7_B4']"
PIT5_7_PL3X4-APND,"['PIT5_7_B1', 'PIT5_7_B11', 'PIT5_7_B13', 'PIT5_7_N001']"
PLX_5_PLSTS-APND,[]
PNCHEG_2_PL1X4-APND,[]
PNCHPP_1_PL1X2-APND,[]
PNCHVS_2_SOLAR-APND,[]
PNM_AFTON345_EPE-APND,[]
PNM_AIRPORT115_EPE-APND,[]
PNM_AMRAD115_EPE-APND,[]
PNM_FOURCORNE345_PNM-APND,[]
PNM_HIDALGO345_EPE-APND,[]
PNM_LASCRCS115_EPE-APND,[]
PNM_LUNA345_EPE-APND,[]
PNM_LUNA345_TEPC-APND,[]
PNM_MCKINLEY345_TEPC-APND,[]
PNM_OROGRANDE115_EPE-APND,[]
PNM_PICACHO115_EPE-APND,[]
PNM_SJ345_TEPC-APND,[]
PNM_SPRINGER345_TEPC-APND,[]
PNM_WM345_EPE-APND,[]
PNOCHE_1_PL1X2-APND,['WHDPAN2_7_N102']
PNP-RBP_2_PELRB-APND,[]
POD_ACACIA_6_SOLAR-APND,[]
POD_ADERA_1_SOLAR1-APND,[]
POD_ADLIN_1_UNITS-APND,[]
POD_ADMEST_6_SOLAR-APND,[]
POD_AGRICO_6_PL3N5-APND,[]
POD_AGRICO_7_UNIT-APND,[]
POD_ALAMIT_2_PL1X3-APND,"['ALAMITOS_2_N001', 'ALAMITOS_2_N040', 'ALAMT1G_7_B1', 'ALAMT1G_7_N002', 'ALAMT2G_7_B1', 'ALAMT2G_7_N002', 'ALAMT3G_7_B1', 'ALAMT3G_7_N002', 'ALAMT4G_7_B1', 'ALAMT4G_7_N002', 'ALAMT5G_7_B1', 'ALAMT5G_7_N002', 'ALAMT6G_7_B1', 'ALAMT6G_7_N002']"
POD_ALAMIT_7_UNIT 5-APND,"['ALAMITOS_2_N001', 'ALAMITOS_2_N040', 'ALAMT1G_7_B1', 'ALAMT1G_7_N002', 'ALAMT2G_7_B1', 'ALAMT2G_7_N002', 'ALAMT3G_7_B1', 'ALAMT3G_7_N002', 'ALAMT4G_7_B1', 'ALAMT4G_7_N002', 'ALAMT5G_7_B1', 'ALAMT5G_7_N002', 'ALAMT6G_7_B1', 'ALAMT6G_7_N002']"
POD_ALTA3A_2_CPCE4-APND,[]
POD_ALTA3A_2_CPCE5-APND,[]
POD_ALTA4A_2_CPCW1-APND,[]
POD_ALTA4B_2_CPCW2-APND,[]
POD_ALTA4B_2_CPCW3-APND,[]
POD_ALTA6B_2_WIND11-APND,[]
POD_ALTA6E_2_WIND10-APND,[]
POD_ARBWD_6_QF-APND,[]
POD_ARCOGN_2_UNITS-APND,[]
POD_ARVINN_6_ORION1-APND,[]
POD_ARVINN_6_ORION2-APND,[]
POD_ASTORA_2_SOLAR1-APND,[]
POD_ASTORA_2_SOLAR2-APND,[]
POD_BALCHS_7_UNIT 1-APND,[]
POD_BALCHS_7_UNIT 2-APND,[]
POD_BALCHS_7_UNIT 3-APND,"['HAAS_7_B1', 'HAAS_7_B11']"
POD_BASICE_2_UNITS-APND,[]
POD_BDGRCK_1_UNITS-APND,"['KERNPWR_1_N002', 'KERNPWR_1_N201']"
POD_BEARMT_1_UNIT-APND,[]
POD_BGSKYN_2_AS2SR1-APND,[]
POD_BGSKYN_2_ASPSR2-APND,[]
POD_BGSKYN_2_BS3SR3-APND,[]
POD_BIGCRK_2_EXESWD-APND,[]
POD_BIGSKY_2_BSKSR6-APND,[]
POD_BIGSKY_2_BSKSR7-APND,[]
POD_BIGSKY_2_BSKSR8-APND,[]
POD_BIGSKY_2_SOLAR1-APND,[]
POD_BIGSKY_2_SOLAR2-APND,[]
POD_BIGSKY_2_SOLAR3-APND,[]
POD_BIGSKY_2_SOLAR4-APND,[]
POD_BIGSKY_2_SOLAR6-APND,[]
POD_BIGSKY_2_SOLAR7-APND,[]
POD_BIOMAS_1_UNIT 1-APND,[]
POD_BISHOP_1_ALAMO-APND,['CONTROL_7_N001']
POD_BISHOP_1_UNITS-APND,['CONTROL_1_N034']
POD_BLACK_7_UNIT 1-APND,[]
POD_BLACK_7_UNIT 2-APND,[]
POD_BLAST_1_WIND-APND,"['TOT032G1_7_N001', 'TOT032G5_7_N001', 'TOT032G8_7_N001']"
POD_BLKCRK_2_SOLAR1-APND,[]
POD_BLM_2_UNITS-APND,[]
POD_BORDER_6_UNITA1-APND,"['BORDER_6_N001', 'BORDER_6_N008']"
POD_BRDGVL_7_BAKER-APND,[]
POD_BUCKBL_2_PL1X3-APND,[]
POD_BUCKCK_7_PL1X2-APND,[]
POD_BUCKWD_1_QF-APND,"['TOT032G1_7_N001', 'TOT032G5_7_N001', 'TOT032G8_7_N001']"
POD_BUTTVL_7_UNIT 1-APND,[]
POD_CABZON_1_WINDA1-APND,"['TOT032G1_7_N001', 'TOT032G5_7_N001', 'TOT032G8_7_N001']"
POD_CALFTN_2_SOLAR-APND,[]
POD_CALFTS_2_CFSSR1-APND,[]
POD_CALGEN_1_UNITS-APND,"['INYOKERN_1_N001', 'INYOKERN_1_N008']"
POD_CAMLOT_2_SOLAR1-APND,[]
POD_CAMLOT_2_SOLAR2-APND,[]
POD_CAMPFW_7_FARWST-APND,[]
POD_CARBOU_7_PL4X5-APND,[]
POD_CARLS1_2_CARCT1-APND,[]
POD_CARLS2_1_CARCT1-APND,"['ENCINA_1_N001', 'ENCINA_1_N049']"
POD_CATLNA_2_SOLAR2-APND,[]
POD_CEDUCR_2_SOLAR1-APND,[]
POD_CEDUCR_2_SOLAR2-APND,[]
POD_CEDUCR_2_SOLAR3-APND,[]
POD_CEDUCR_2_SOLAR4-APND,[]
POD_CENTRY_6_PL1X4-APND,[]
POD_CHALK_1_UNIT-APND,"['TAFT1_1_N001', 'TAFT1_1_N004']"
POD_CHICPK_7_UNIT 1-APND,[]
POD_CHWCHL_1_UNIT-APND,['CHWCHLA2_7_N001']
POD_CH_2_CHST1MSG-APND,[]
POD_CH_5_CHST3MSG-APND,[]
POD_CNTNLA_2_SOLAR1-APND,[]
POD_CNTNLA_2_SOLAR2-APND,[]
POD_COLEMN_2_UNIT-APND,[]
POD_COLGAT_7_UNIT 1-APND,[]
POD_COLGAT_7_UNIT 2-APND,[]
POD_COLTON_6_AGUAM1-APND,[]
POD_COLUSA_2_PL1X3-APND,[]
POD_COLVIL_7_PL1X2-APND,[]
POD_CONTRL_1_POOLE-APND,['CONTROL_1_N034']
POD_CONTRL_1_QF-APND,['CONTROL_1_N034']
POD_COVERD_2_HCKHY1-APND,[]
POD_COVERD_2_MCKHY1-APND,[]
POD_CO_5_UNIT1-APND,[]
POD_CO_5_UNIT2-APND,[]
POD_CPVERD_2_SOLAR-APND,[]
POD_CRESTA_7_PL1X2-APND,[]
POD_CROKET_7_UNIT-APND,[]
POD_CRSTWD_6_KUMYAY-APND,['CRESTWD_6_N001']
POD_CUMBIA_1_SOLAR-APND,[]
POD_CUYAMS_6_CUYSR1-APND,[]
POD_DEADCK_1_UNIT-APND,[]
POD_DEERCR_6_UNIT 1-APND,[]
POD_DELTA_2_PL1X4-APND,"['PTS7SWNG_7_B2', 'PTSB5_7_B2', 'PTSB6_7_B2']"
POD_DIABLO_7_UNIT 1-APND,[]
POD_DIABLO_7_UNIT 2-APND,[]
POD_DISCOV_1_CHEVRN-APND,"['KERNOIL_1_N001', 'KERNOIL_1_N012']"
POD_DOUBLC_1_UNITS-APND,"['KERNPWR_1_N002', 'KERNPWR_1_N201']"
POD_DRACKR_2_SOLAR1-APND,[]
POD_DRACKR_2_SOLAR2-APND,[]
POD_DREWS_6_PL1X4-APND,[]
POD_DRUM_7_PL1X2-APND,"['DRUM38780_7_B1', 'DRUM38780_7_B3']"
POD_DRUM_7_PL3X4-APND,"['DRUM38780_7_B4', 'DRUM38780_7_B7']"
POD_DRUM_7_UNIT 5-APND,[]
POD_DSABLA_7_UNIT-APND,[]
POD_DSFLWR_2_WS2SR1-APND,[]
POD_DSRTSL_2_SOLAR1-APND,[]
POD_DSRTSN_2_SOLAR1-APND,[]
POD_DSRTSN_2_SOLAR2-APND,[]
POD_DTCHWD_2_BT3WND-APND,[]
POD_DUANE_1_PL1X3-APND,[]
POD_DUTCH1_7_UNIT 1-APND,[]
POD_DUTCH2_7_UNIT 1-APND,[]
POD_DVLCYN_1_UNITS-APND,[]
POD_EASTWD_7_UNIT-APND,[]
POD_ELCAJN_6_UNITA1-APND,[]
POD_ELECTR_7_PL1X3-APND,[]
POD_ELKCRK_6_STONYG-APND,[]
POD_ELKHIL_2_PL1X3-APND,['SUNST_2_N006']
POD_ELSEGN_2_UN1011-APND,[]
POD_ELSEGN_2_UN2021-APND,[]
POD_ENERSJ_2_WIND-APND,[]
POD_ENWIND_2_WIND1-APND,[]
POD_ENWIND_2_WIND2-APND,[]
POD_ESCNDO_6_PL1X2-APND,"['ESCNDIDO_6_N001', 'ESCNDIDO_6_N046', 'ESCNDIDO_6_N053']"
POD_ESCNDO_6_UNITB1-APND,"['ESCNDIDO_6_N001', 'ESCNDIDO_6_N046', 'ESCNDIDO_6_N053']"
POD_EXCHEC_7_UNIT 1-APND,[]
POD_EXCLSG_1_SOLAR-APND,[]
POD_FLOWD_2_RT2WD2-APND,[]
POD_FLOWD_2_WIND1-APND,[]
POD_FMEADO_7_UNIT-APND,[]
POD_FRNTBW_6_SOLAR1-APND,[]
POD_FT CHUR_7_UNIT 1-APND,[]
POD_FT CHUR_7_UNIT 2-APND,[]
POD_GALE_1_SR3SR3-APND,['KRAMER_1_N001']
POD_GARLND_2_GASLR-APND,[]
POD_GARLND_2_GASLRA-APND,[]
POD_GARNET_1_SOLAR-APND,"['TOT032G1_7_N001', 'TOT032G5_7_N001', 'TOT032G8_7_N001']"
POD_GARNET_1_WIND-APND,"['TOT032G1_7_N001', 'TOT032G5_7_N001', 'TOT032G8_7_N001']"
POD_GARNET_1_WINDS-APND,"['TOT032G1_7_N001', 'TOT032G5_7_N001', 'TOT032G8_7_N001']"
POD_GARNET_1_WT3WND-APND,"['TOT032G1_7_N001', 'TOT032G5_7_N001', 'TOT032G8_7_N001']"
POD_GARNET_2_WIND1-APND,"['TOT032G1_7_N001', 'TOT032G5_7_N001', 'TOT032G8_7_N001']"
POD_GARNET_2_WIND2-APND,"['TOT032G1_7_N001', 'TOT032G5_7_N001', 'TOT032G8_7_N001']"
POD_GARNET_2_WIND3-APND,"['TOT032G1_7_N001', 'TOT032G5_7_N001', 'TOT032G8_7_N001']"
POD_GARNET_2_WIND4-APND,"['TOT032G1_7_N001', 'TOT032G5_7_N001', 'TOT032G8_7_N001']"
POD_GARNET_2_WIND5-APND,"['TOT032G1_7_N001', 'TOT032G5_7_N001', 'TOT032G8_7_N001']"
POD_GASKW1_2_GW1SR1-APND,[]
POD_GATWAY_2_PL1X3-APND,"['CCOS6_7_B1', 'CCOS7_7_B1', 'CCOSTA_2_N001', 'T320BS1_7_B1', 'T320BS2_7_B1', 'T320BS3_7_B1', 'T320BS4_7_B1']"
POD_GENESI_2_STG-APND,[]
POD_GEYS11_7_UNIT11-APND,[]
POD_GEYS12_7_UNIT12-APND,"['FULTON_2_N010', 'FULTON_2_N049']"
POD_GEYS13_7_UNIT13-APND,[]
POD_GEYS14_7_UNIT14-APND,"['FULTON_2_N010', 'FULTON_2_N049']"
POD_GEYS16_7_UNIT16-APND,"['FULTON_2_N010', 'FULTON_2_N049']"
POD_GEYS17_7_UNIT17-APND,"['FULTON_2_N010', 'FULTON_2_N049']"
POD_GEYS18_7_UNIT18-APND,[]
POD_GEYS20_7_UNIT20-APND,[]
POD_GIFENS_6_BUGSL1-APND,[]
POD_GILROY_1_UNIT-APND,['GILROYF_1_N001']
POD_GILRPP_1_PL1X2-APND,['GILROYF_1_N001']
POD_GILRPP_1_PL3X4-APND,['GILROYF_1_N001']
POD_GLDFGR_6_SOLAR1-APND,[]
POD_GLDFGR_6_SOLAR2-APND,[]
POD_GLDTWN_6_COLUM3-APND,[]
POD_GLDTWN_6_SOLAR-APND,[]
POD_GLNARM_2_UNIT 5-APND,"['GLNARMC1_7_B1', 'GLNARMC2_7_B1', 'GLNARMC3_7_B1', 'GLNARMC4_7_B1']"
POD_GRIZLY_1_UNIT 1-APND,[]
POD_GRNLF2_1_UNIT-APND,['GRNLEAF2_7_N001']
POD_GYS5X6_7_UNITS-APND,[]
POD_GYS7X8_7_UNITS-APND,[]
POD_GYSRVL_7_WSPRNG-APND,"['GYSRVLLE_6_N001', 'GYSRVLLE_6_N003', 'GYSRVLLE_6_N005']"
POD_HAASPH_7_PL1X2-APND,"['HAAS_7_B1', 'HAAS_7_B11']"
POD_HATCR1_7_UNIT-APND,[]
POD_HATCR2_7_UNIT-APND,['HATCRK2_7_B1']
POD_HATRDG_2_WIND-APND,[]
POD_HELMPG_7_UNIT 1-APND,"['HELMS1_7_B1', 'HELMS2_7_B1', 'HELMS3_7_B1']"
POD_HELMPG_7_UNIT 2-APND,"['HELMS1_7_B1', 'HELMS2_7_B1', 'HELMS3_7_B1']"
POD_HELMPG_7_UNIT 3-APND,"['HELMS1_7_B1', 'HELMS2_7_B1', 'HELMS3_7_B1']"
POD_HENRTS_1_SOLAR-APND,[]
POD_HIDSRT_2_UNITS-APND,[]
POD_HNTGBH_2_PL1X3-APND,[]
POD_HNTGBH_7_UNIT 2-APND,[]
POD_HUMBPP_1_UNITS3-APND,[]
POD_HYTTHM_2_UNITS-APND,[]
POD_INDIGO_1_UNIT 1-APND,"['TOT032G1_7_N001', 'TOT032G5_7_N001', 'TOT032G8_7_N001']"
POD_INDIGO_1_UNIT 2-APND,"['TOT032G1_7_N001', 'TOT032G5_7_N001', 'TOT032G8_7_N001']"
POD_INDIGO_1_UNIT 3-APND,"['TOT032G1_7_N001', 'TOT032G5_7_N001', 'TOT032G8_7_N001']"
POD_INTKEP_2_UNITS-APND,[]
POD_IVANPA_1_UNIT1-APND,[]
POD_IVANPA_1_UNIT2-APND,[]
POD_IVANPA_1_UNIT3-APND,[]
POD_IVSLR2_2_SM2SR1-APND,[]
POD_IVSLRP_2_SOLAR1-APND,[]
POD_IVWEST_2_SOLAR1-APND,[]
POD_JACMSR_1_JACSR1-APND,[]
POD_JAYNE_6_WLSLR-APND,[]
POD_KELYRG_6_UNIT-APND,[]
POD_KERNFT_1_UNITS-APND,"['KERNPWR_1_N002', 'KERNPWR_1_N201']"
POD_KERRGN_1_UNIT 1-APND,[]
POD_KNGBRD_2_SOLAR1-APND,[]
POD_KNGBRD_2_SOLAR2-APND,[]
POD_LAMONT_1_SOLAR1-APND,[]
POD_LAMONT_1_SOLAR2-APND,"['LAMONT_1_N001', 'LAMONT_1_N002']"
POD_LAMONT_1_SOLAR3-APND,"['LAMONT_1_N001', 'LAMONT_1_N002']"
POD_LAMONT_1_SOLAR4-APND,"['LAMONT_1_N001', 'LAMONT_1_N002']"
POD_LAMONT_1_SOLAR5-APND,"['LAMONT_1_N001', 'LAMONT_1_N002']"
POD_LAPLMA_2_UNIT 1-APND,['SUNST_2_N006']
POD_LAPLMA_2_UNIT 2-APND,['SUNST_2_N006']
POD_LAPLMA_2_UNIT 3-APND,['SUNST_2_N006']
POD_LAPLMA_2_UNIT 4-APND,['SUNST_2_N006']
POD_LARKSP_6_UNIT 1-APND,"['BORDER_6_N001', 'BORDER_6_N008']"
POD_LARKSP_6_UNIT 2-APND,"['BORDER_6_N001', 'BORDER_6_N008']"
POD_LAROA2_2_UNITA1-APND,[]
POD_LASSEN_6_UNITS-APND,[]
POD_LEBECS_2_UNITS-APND,[]
POD_LECEF_1_UNITS-APND,[]
POD_LMBEPK_2_UNITA1-APND,[]
POD_LMBEPK_2_UNITA2-APND,[]
POD_LMBEPK_2_UNITA3-APND,[]
POD_LMEC_1_PL1X3-APND,['PITSBURG_1_N001']
POD_LUNA_3_LEF-APND,[]
POD_MALCHQ_7_UNIT 1-APND,[]
POD_MDFKRL_2_PROJCT-APND,[]
POD_MIDWD_2_WIND2-APND,[]
POD_MIDWD_7_CORAMB-APND,[]
POD_MNDOTA_1_SOLAR1-APND,[]
POD_MOJAVE_1_SIPHON-APND,[]
POD_MOJAVW_2_SOLAR-APND,[]
POD_MORWD_6_QF-APND,[]
POD_MOSSLD_2_PSP1-APND,[]
POD_MOSSLD_2_PSP2-APND,[]
POD_MRGT_6_MMAREF-APND,[]
POD_MSOLAR_2_SOLAR2-APND,[]
POD_MSOLAR_2_SOLAR3-APND,[]
POD_MSTANG_2_SOLAR3-APND,[]
POD_MTNPOS_1_UNIT-APND,['ULTRAOGL_7_N001']
POD_MTWIND_1_UNIT 3-APND,"['TOT032G1_7_N001', 'TOT032G5_7_N001', 'TOT032G8_7_N001']"
POD_NAROW1_2_UNIT-APND,[]
POD_NAROW2_2_UNIT-APND,[]
POD_NAVYII_2_UNITS-APND,[]
POD_NCPA_7_GP1UN1-APND,[]
POD_NCPA_7_GP1UN2-APND,[]
POD_NCPA_7_GP2UN3-APND,"['FULTON_2_N010', 'FULTON_2_N049']"
POD_NCPA_7_GP2UN4-APND,"['FULTON_2_N010', 'FULTON_2_N049']"
POD_NIMTG_6_NICOGN-APND,"['CORONADO_6_N001', 'CORONADO_6_N002']"
POD_NWCSTL_7_UNIT 1-APND,[]
POD_NZWIND_2_WDSTR5-APND,[]
POD_NZWIND_6_CALWND-APND,[]
POD_NZWIND_6_WDSTR-APND,[]
POD_NZWIND_6_WDSTR2-APND,[]
POD_NZWIND_6_WDSTR3-APND,[]
POD_NZWIND_6_WDSTR4-APND,[]
POD_OAK C_7_UNIT 1-APND,"['OAKC12_7_N002', 'OAKLND12_7_N001', 'OAKLND12_7_N101']"
POD_OAK C_7_UNIT 3-APND,['OAKLND3_7_N001']
POD_OAKWD_6_QF-APND,[]
POD_OAKWD_6_ZEPHWD-APND,[]
POD_OMAR_2_UNIT 1-APND,[]
POD_OMAR_2_UNIT 2-APND,[]
POD_OMAR_2_UNIT 3-APND,[]
POD_OMAR_2_UNIT 4-APND,[]
POD_ORMOND_7_UNIT 1-APND,[]
POD_ORMOND_7_UNIT 2-APND,[]
POD_OTAY_6_PL1X2-APND,"['OTAY_6_N001', 'OTAY_6_N014']"
POD_OTMESA_2_PL1X3-APND,[]
POD_PACLUM_6_UNIT-APND,[]
POD_PAIGES_6_SOLAR-APND,[]
POD_PALOMR_2_PL1X3-APND,[]
POD_PARDEB_6_UNITS-APND,[]
POD_PGG_2_PKR-APND,[]
POD_PIOPIC_2_CTG1-APND,[]
POD_PIOPIC_2_CTG2-APND,[]
POD_PIOPIC_2_CTG3-APND,[]
POD_PIT1_7_UNIT 1-APND,[]
POD_PIT1_7_UNIT 2-APND,[]
POD_PIT3_7_PL1X3-APND,[]
POD_PIT4_7_PL1X2-APND,[]
POD_PIT5_7_PL1X2-APND,[]
POD_PIT5_7_PL3X4-APND,[]
POD_PIT6_7_UNIT 1-APND,[]
POD_PIT6_7_UNIT 2-APND,[]
POD_PIT7_7_UNIT 1-APND,[]
POD_PIT7_7_UNIT 2-APND,[]
POD_PMPJCK_1_RB2SLR-APND,[]
POD_PMPJCK_1_SOLAR1-APND,[]
POD_PNCHPP_1_PL1X2-APND,[]
POD_PNCHVS_2_SOLAR-APND,[]
POD_PNOCHE_1_PL1X2-APND,[]
POD_PNOCHE_1_UNITA1-APND,[]
POD_POEPH_7_UNIT 1-APND,[]
POD_POEPH_7_UNIT 2-APND,[]
POD_PRIMM_2_SOLAR1-APND,[]
POD_RATSKE_2_NROSR1-APND,[]
POD_RCKCRK_7_UNIT 1-APND,[]
POD_RCKCRK_7_UNIT 2-APND,[]
POD_RENWD_1_QF-APND,"['TOT032G1_7_N001', 'TOT032G5_7_N001', 'TOT032G8_7_N001']"
POD_ROSMND_6_SOLAR-APND,[]
POD_RSMSLR_6_SOLAR1-APND,[]
POD_RSMSLR_6_SOLAR2-APND,[]
POD_RTEDDY_2_SOLAR1-APND,[]
POD_RTEDDY_2_SOLAR2-APND,[]
POD_RTREE_2_WIND1-APND,[]
POD_RTREE_2_WIND2-APND,[]
POD_RTREE_2_WIND3-APND,[]
POD_RUSCTY_2_UNITS-APND,['CLWTER_2_N003']
POD_RVRVEW_1_UNITA1-APND,['CCSUB_1_N001']
POD_RVSIDE_6_RERCU1-APND,[]
POD_RVSIDE_6_RERCU2-APND,[]
POD_SALIRV_2_UNIT-APND,"['OILFLDS_6_N001', 'OILFLDS_6_N007', 'OILFLDS_6_N009']"
POD_SALTSP_7_UNITS-APND,[]
POD_SANDLT_2_SUNITS-APND,[]
POD_SANTFG_7_UNITS-APND,[]
POD_SANWD_1_QF-APND,"['TOT032G1_7_N001', 'TOT032G5_7_N001', 'TOT032G8_7_N001']"
POD_SEARLS_7_ARGUS-APND,"['INYOKERN_1_N001', 'INYOKERN_1_N008']"
POD_SEAWND_2_AMWWD1-APND,[]
POD_SEGS_1_SR2SL2-APND,['TORTILLA_1_N007']
POD_SGREGY_6_SANGER-APND,[]
POD_SIERRA_1_UNITS-APND,"['KERNPWR_1_N002', 'KERNPWR_1_N201']"
POD_SKERN_6_SOLAR1-APND,[]
POD_SKERN_6_SOLAR2-APND,[]
POD_SLRMS3_2_SRMSR1-APND,[]
POD_SLST13_2_SOLAR1-APND,[]
POD_SLSTR1_2_SOLAR1-APND,[]
POD_SLSTR2_2_SOLAR2-APND,[]
POD_SLVRHWK_7_UNIT 3-APND,[]
POD_SLVRHWK_7_UNIT 4-APND,[]
POD_SMPRIP_1_SMPSON-APND,[]
POD_SMUDGO_7_UNIT 1-APND,[]
POD_SNDBAR_7_UNIT 1-APND,[]
POD_SNMALF_6_UNITS-APND,"['COTATI_6_N101', 'COTATI_6_N102']"
POD_SPI LI_2_UNIT 1-APND,['SPILINCF_7_N002']
POD_SPICER_1_UNITS-APND,[]
POD_SPV_3_UNIT4-APND,[]
POD_STANIS_7_UNIT 1-APND,[]
POD_SUMWHT_6_SWSSR1-APND,[]
POD_SUNRIS_2_PL1X3-APND,['SUNST_2_N006']
POD_SUNSET_2_UNITS-APND,['SUNST_2_N006']
POD_SUNSLR_1_SSVSR1-APND,[]
POD_SYCAMR_2_UNIT 1-APND,[]
POD_SYCAMR_2_UNIT 2-APND,[]
POD_SYCAMR_2_UNIT 3-APND,[]
POD_SYCAMR_2_UNIT 4-APND,[]
POD_TANHIL_6_SOLART-APND,[]
POD_TBLMTN_6_QF-APND,[]
POD_TEHAPI_2_WIND1-APND,"['VINCENT_2_N100', 'VINCENT_2_N101']"
POD_TEHAPI_2_WIND2-APND,"['VINCENT_2_N100', 'VINCENT_2_N101']"
POD_TERMEX_2_PL1X3-APND,[]
POD_TIFFNY_1_DILLON-APND,"['TOT032G1_7_N001', 'TOT032G5_7_N001', 'TOT032G8_7_N001']"
POD_TIGRCK_7_UNITS-APND,[]
POD_TKOPWR_6_HYDRO-APND,[]
POD_TRACY_7_UNIT 3-APND,[]
POD_TRNQL8_2_AMASR1-APND,[]
POD_TRNQL8_2_AZUSR1-APND,[]
POD_TRNQL8_2_ROJSR1-APND,[]
POD_TRNQL8_2_VERSR1-APND,[]
POD_TRNQLT_2_SOLAR-APND,[]
POD_TRNSWD_1_QF-APND,"['TOT032G1_7_N001', 'TOT032G5_7_N001', 'TOT032G8_7_N001']"
POD_TULEWD_1_TULWD1-APND,[]
POD_TXMCKT_6_UNIT-APND,[]
POD_ULTPFR_1_UNIT 1-APND,['ULTPWRJ_1_N001']
POD_ULTRCK_2_UNIT-APND,[]
POD_UNOCAL_1_UNITS-APND,[]
POD_UNVRSY_1_UNIT 1-APND,"['TAFT1_1_N001', 'TAFT1_1_N004']"
POD_USWND2_1_WIND1-APND,['TESLA_1_N027']
POD_USWND2_1_WIND2-APND,['TESLA_1_N027']
POD_USWND2_1_WIND3-APND,['TESLA_1_N027']
POD_VACADX_1_UNITA1-APND,"['VACA-DIX_1_N001', 'VACA-DIX_1_N014', 'VACADIX_1_GN001']"
POD_VALTNE_2_AVASR1-APND,[]
POD_VEDDER_1_SEKERN-APND,"['KERNOIL_1_N001', 'KERNOIL_1_N012']"
POD_VERNON_6_MALBRG-APND,[]
POD_VOYAGR_2_VOYWD2-APND,[]
POD_VOYAGR_2_VOYWD3-APND,[]
POD_VOYAGR_2_VOYWD4-APND,[]
POD_WAUKNA_1_SOLAR2-APND,[]
POD_WDLEAF_7_UNIT 1-APND,[]
POD_WESTPT_2_UNIT-APND,[]
POD_WHTWTR_1_WINDA1-APND,"['TOT032G1_7_N001', 'TOT032G5_7_N001', 'TOT032G8_7_N001']"
POD_WISTRA_2_WRSSR1-APND,[]
POD_WLDWD_1_SOLAR1-APND,[]
POD_YUBACT_1_SUNSWT-APND,[]
POD_YUBACT_6_UNITA1-APND,[]
POD_ZOND_6_UNIT-APND,[]
POPUD_1_NCL-APND,[]
POST_FLS_1_GEN_TOTAL-APND,[]
PP_1_PP-APND,[]
PRIMM_2_SOLAR1-APND,[]
PSEI_BCUS.BORDER-APND,[]
PSEI_BPAT.PSEI-APND,[]
PSEI_CAPTAINJACK-APND,[]
PSEI_COBH-APND,[]
PSEI_JOHNDAY-APND,[]
PSEI_KFALLSGEN-APND,[]
PSEI_MALIN-APND,[]
PSEI_MIDC.AV-APND,[]
PSEI_MIDCREMOTE-APND,[]
PSEI_MIDC_PSEI-APND,[]
PSEI_MIDC_PSEI_PGE-APND,[]
PSEI_MINTFARM-APND,[]
PSEI_PSE.COLSTRIP-APND,[]
PSEI_SCL.SYSTEM-APND,[]
PSEI_TPWR.STAR-APND,[]
PTRPP_2_WIND-APND,[]
PWP1_2_PORTWEST1-APND,[]
PWP2_2_RECIP1-6-APND,[]
PWP2_2_RECIP7-12-APND,[]
RDCLD_3_WIND-APND,[]
RDGPOWER_1_UNIT4-6-APND,[]
RECPP_2_SOLAR-APND,[]
REDROCK_1_CAPAGPUMPS-APND,[]
REP_6_UNITS-APND,[]
REXFRD_2_RSFBX2-APND,[]
REXFRD_2_RSFSX2-APND,[]
RP2_2_SOLAR-APND,[]
RPEAK_6_UNITS-APND,[]
RUSCTY_2_UNITS-APND,[]
RUSSELL_2_SOLANO1-APND,[]
RVL_1_WHITECRK_PLANT-APND,[]
RVSIDE_6_SPRING-APND,[]
RW_5_RHCC1MSG-APND,[]
RW_5_RHCC2MSG-APND,[]
SALOME_1_CAPAGSOLAR-APND,[]
SALTSP_7_UNITS-APND,"['SALTSPS_7_B1', 'SALTSPS_7_B3']"
SANDLT_2_SUNITS-APND,[]
SANITR_6_UNITS-APND,"['LACSD_7_B2', 'LACSD_7_B3', 'LACSD_7_B4', 'LACSD_7_B5']"
SANTFG_7_UNITS-APND,"['GEYSER20_7_B1', 'SANTAFE_7_B1', 'SANTAFE_7_B11']"
SBERDO_2_PSP3-APND,[]
SBERDO_2_PSP4-APND,[]
SCAGS_2_CC_4_5-APND,[]
SCEC_1_DERP01-APND,[]
SCEC_1_PDRP05-APND,[]
SCEC_1_PDRP06-APND,[]
SCEC_1_PDRP07-APND,[]
SCEC_1_PDRP08-APND,[]
SCEC_1_PDRP09-APND,[]
SCEC_1_PDRP10-APND,[]
SCEC_1_PDRP100-APND,[]
SCEC_1_PDRP101-APND,[]
SCEC_1_PDRP102-APND,[]
SCEC_1_PDRP103-APND,[]
SCEC_1_PDRP104-APND,[]
SCEC_1_PDRP105-APND,[]
SCEC_1_PDRP106-APND,[]
SCEC_1_PDRP107-APND,[]
SCEC_1_PDRP108-APND,[]
SCEC_1_PDRP109-APND,[]
SCEC_1_PDRP11-APND,[]
SCEC_1_PDRP110-APND,[]
SCEC_1_PDRP111-APND,[]
SCEC_1_PDRP113-APND,[]
SCEC_1_PDRP114-APND,[]
SCEC_1_PDRP115-APND,[]
SCEC_1_PDRP116-APND,[]
SCEC_1_PDRP117-APND,[]
SCEC_1_PDRP118-APND,[]
SCEC_1_PDRP119-APND,[]
SCEC_1_PDRP12-APND,[]
SCEC_1_PDRP120-APND,[]
SCEC_1_PDRP121-APND,[]
SCEC_1_PDRP122-APND,[]
SCEC_1_PDRP124-APND,[]
SCEC_1_PDRP125-APND,[]
SCEC_1_PDRP126-APND,[]
SCEC_1_PDRP127-APND,[]
SCEC_1_PDRP128-APND,[]
SCEC_1_PDRP129-APND,[]
SCEC_1_PDRP13-APND,[]
SCEC_1_PDRP130-APND,[]
SCEC_1_PDRP131-APND,[]
SCEC_1_PDRP132-APND,[]
SCEC_1_PDRP133-APND,[]
SCEC_1_PDRP134-APND,[]
SCEC_1_PDRP135-APND,[]
SCEC_1_PDRP136-APND,[]
SCEC_1_PDRP137-APND,[]
SCEC_1_PDRP138-APND,[]
SCEC_1_PDRP139-APND,[]
SCEC_1_PDRP14-APND,[]
SCEC_1_PDRP140-APND,[]
SCEC_1_PDRP141-APND,[]
SCEC_1_PDRP142-APND,[]
SCEC_1_PDRP143-APND,[]
SCEC_1_PDRP144-APND,[]
SCEC_1_PDRP145-APND,[]
SCEC_1_PDRP146-APND,[]
SCEC_1_PDRP147-APND,[]
SCEC_1_PDRP148-APND,[]
SCEC_1_PDRP149-APND,[]
SCEC_1_PDRP150-APND,[]
SCEC_1_PDRP151-APND,[]
SCEC_1_PDRP152-APND,[]
SCEC_1_PDRP153-APND,[]
SCEC_1_PDRP154-APND,[]
SCEC_1_PDRP155-APND,[]
SCEC_1_PDRP156-APND,[]
SCEC_1_PDRP157-APND,[]
SCEC_1_PDRP158-APND,[]
SCEC_1_PDRP159-APND,[]
SCEC_1_PDRP160-APND,[]
SCEC_1_PDRP161-APND,[]
SCEC_1_PDRP162-APND,[]
SCEC_1_PDRP163-APND,[]
SCEC_1_PDRP171-APND,[]
SCEC_1_PDRP173-APND,[]
SCEC_1_PDRP175-APND,[]
SCEC_1_PDRP178-APND,[]
SCEC_1_PDRP179-APND,[]
SCEC_1_PDRP18-APND,[]
SCEC_1_PDRP181-APND,[]
SCEC_1_PDRP183-APND,[]
SCEC_1_PDRP19-APND,[]
SCEC_1_PDRP193-APND,[]
SCEC_1_PDRP195-APND,[]
SCEC_1_PDRP199-APND,[]
SCEC_1_PDRP20-APND,[]
SCEC_1_PDRP30-APND,[]
SCEC_1_PDRP31-APND,[]
SCEC_1_PDRP32-APND,[]
SCEC_1_PDRP38-APND,[]
SCEC_1_PDRP42-APND,[]
SCEC_1_PDRP48-APND,[]
SCEC_1_PDRP49-APND,[]
SCEC_1_PDRP50-APND,[]
SCEC_1_PDRP51-APND,[]
SCEC_1_PDRP52-APND,[]
SCEC_1_PDRP53-APND,[]
SCEC_1_PDRP54-APND,[]
SCEC_1_PDRP55-APND,[]
SCEC_1_PDRP56-APND,[]
SCEC_1_PDRP60-APND,[]
SCEC_1_PDRP61-APND,[]
SCEC_1_PDRP62-APND,[]
SCEC_1_PDRP63-APND,[]
SCEC_1_PDRP64-APND,[]
SCEC_1_PDRP65-APND,[]
SCEC_1_PDRP66-APND,[]
SCEC_1_PDRP67-APND,[]
SCEC_1_PDRP68-APND,[]
SCEC_1_PDRP69-APND,[]
SCEC_1_PDRP70-APND,[]
SCEC_1_PDRP71-APND,[]
SCEC_1_PDRP72-APND,[]
SCEC_1_PDRP73-APND,[]
SCEC_1_PDRP74-APND,[]
SCEC_1_PDRP75-APND,[]
SCEC_1_PDRP76-APND,[]
SCEC_1_PDRP77-APND,[]
SCEC_1_PDRP78-APND,[]
SCEC_1_PDRP79-APND,[]
SCEC_1_PDRP80-APND,[]
SCEC_1_PDRP81-APND,[]
SCEC_1_PDRP82-APND,[]
SCEC_1_PDRP83-APND,[]
SCEC_1_PDRP84-APND,[]
SCEC_1_PDRP85-APND,[]
SCEC_1_PDRP86-APND,[]
SCEC_1_PDRP87-APND,[]
SCEC_1_PDRP88-APND,[]
SCEC_1_PDRP89-APND,[]
SCEC_1_PDRP90-APND,[]
SCEC_1_PDRP91-APND,[]
SCEC_1_PDRP92-APND,[]
SCEC_1_PDRP93-APND,[]
SCEC_1_PDRP94-APND,[]
SCEC_1_PDRP95-APND,[]
SCEC_1_PDRP96-APND,[]
SCEC_1_PDRP97-APND,[]
SCEC_1_PDRP98-APND,[]
SCEC_1_PDRP99-APND,[]
SCEC_1_RDRR08-APND,[]
SCEC_1_RDRR35-APND,[]
SCEC_1_RDRR36-APND,[]
SCEC_1_RDRR37-APND,[]
SCEC_1_RDRR38-APND,[]
SCEC_1_RDRR39-APND,[]
SCEN_6_PDRP01-APND,[]
SCEN_6_PDRP02-APND,[]
SCEN_6_PDRP03-APND,[]
SCEN_6_PDRP06-APND,[]
SCEN_6_PDRP07-APND,[]
SCEN_6_PDRP08-APND,[]
SCEN_6_PDRP09-APND,[]
SCEN_6_PDRP101-APND,[]
SCEN_6_PDRP102-APND,[]
SCEN_6_PDRP104-APND,[]
SCEN_6_PDRP105-APND,[]
SCEN_6_PDRP106-APND,[]
SCEN_6_PDRP109-APND,[]
SCEN_6_PDRP11-APND,[]
SCEN_6_PDRP113-APND,[]
SCEN_6_PDRP14-APND,[]
SCEN_6_PDRP15-APND,[]
SCEN_6_PDRP27-APND,[]
SCEN_6_PDRP29-APND,[]
SCEN_6_PDRP30-APND,[]
SCEN_6_PDRP31-APND,[]
SCEN_6_PDRP32-APND,[]
SCEN_6_PDRP33-APND,[]
SCEN_6_PDRP34-APND,[]
SCEN_6_PDRP35-APND,[]
SCEN_6_PDRP36-APND,[]
SCEN_6_PDRP37-APND,[]
SCEN_6_PDRP38-APND,[]
SCEN_6_PDRP39-APND,[]
SCEN_6_PDRP40-APND,[]
SCEN_6_PDRP41-APND,[]
SCEN_6_PDRP42-APND,[]
SCEN_6_PDRP43-APND,[]
SCEN_6_PDRP44-APND,[]
SCEN_6_PDRP45-APND,[]
SCEN_6_PDRP46-APND,[]
SCEN_6_PDRP47-APND,[]
SCEN_6_PDRP48-APND,[]
SCEN_6_PDRP49-APND,[]
SCEN_6_PDRP50-APND,[]
SCEN_6_PDRP51-APND,[]
SCEN_6_PDRP52-APND,[]
SCEN_6_PDRP53-APND,[]
SCEN_6_PDRP54-APND,[]
SCEN_6_PDRP55-APND,[]
SCEN_6_PDRP56-APND,[]
SCEN_6_PDRP58-APND,[]
SCEN_6_PDRP59-APND,[]
SCEN_6_PDRP60-APND,[]
SCEN_6_PDRP61-APND,[]
SCEN_6_PDRP62-APND,[]
SCEN_6_PDRP63-APND,[]
SCEN_6_PDRP64-APND,[]
SCEN_6_PDRP65-APND,[]
SCEN_6_PDRP66-APND,[]
SCEN_6_PDRP76-APND,[]
SCEN_6_PDRP79-APND,[]
SCEN_6_PDRP80-APND,[]
SCEN_6_PDRP81-APND,[]
SCEN_6_PDRP84-APND,[]
SCEN_6_PDRP85-APND,[]
SCEN_6_PDRP86-APND,[]
SCEN_6_PDRP87-APND,[]
SCEN_6_PDRP88-APND,[]
SCEN_6_PDRP89-APND,[]
SCEN_6_PDRP91-APND,[]
SCEN_6_PDRP93-APND,[]
SCEN_6_PDRP94-APND,[]
SCEN_6_PDRP95-APND,[]
SCEN_6_PDRP96-APND,[]
SCEN_6_PDRP97-APND,[]
SCEN_6_PDRP98-APND,[]
SCEN_6_PDRP99-APND,[]
SCEN_6_RDRR02-APND,[]
SCEN_6_RDRR12-APND,[]
SCEN_6_RDRR13-APND,[]
SCEW_2_PDRP03-APND,[]
SCEW_2_PDRP09-APND,[]
SCEW_2_PDRP10-APND,[]
SCEW_2_PDRP100-APND,[]
SCEW_2_PDRP101-APND,[]
SCEW_2_PDRP102-APND,[]
SCEW_2_PDRP103-APND,[]
SCEW_2_PDRP104-APND,[]
SCEW_2_PDRP105-APND,[]
SCEW_2_PDRP106-APND,[]
SCEW_2_PDRP107-APND,[]
SCEW_2_PDRP108-APND,[]
SCEW_2_PDRP109-APND,[]
SCEW_2_PDRP110-APND,[]
SCEW_2_PDRP111-APND,[]
SCEW_2_PDRP112-APND,[]
SCEW_2_PDRP114-APND,[]
SCEW_2_PDRP116-APND,[]
SCEW_2_PDRP117-APND,[]
SCEW_2_PDRP118-APND,[]
SCEW_2_PDRP119-APND,[]
SCEW_2_PDRP120-APND,[]
SCEW_2_PDRP121-APND,[]
SCEW_2_PDRP122-APND,[]
SCEW_2_PDRP123-APND,[]
SCEW_2_PDRP124-APND,[]
SCEW_2_PDRP125-APND,[]
SCEW_2_PDRP130-APND,[]
SCEW_2_PDRP131-APND,[]
SCEW_2_PDRP133-APND,[]
SCEW_2_PDRP141-APND,[]
SCEW_2_PDRP159-APND,[]
SCEW_2_PDRP160-APND,[]
SCEW_2_PDRP163-APND,[]
SCEW_2_PDRP167-APND,[]
SCEW_2_PDRP168-APND,[]
SCEW_2_PDRP171-APND,[]
SCEW_2_PDRP172-APND,[]
SCEW_2_PDRP173-APND,[]
SCEW_2_PDRP174-APND,[]
SCEW_2_PDRP175-APND,[]
SCEW_2_PDRP179-APND,[]
SCEW_2_PDRP183-APND,[]
SCEW_2_PDRP186-APND,[]
SCEW_2_PDRP19-APND,[]
SCEW_2_PDRP190-APND,[]
SCEW_2_PDRP20-APND,[]
SCEW_2_PDRP234-APND,[]
SCEW_2_PDRP37-APND,[]
SCEW_2_PDRP38-APND,[]
SCEW_2_PDRP39-APND,[]
SCEW_2_PDRP40-APND,[]
SCEW_2_PDRP41-APND,[]
SCEW_2_PDRP42-APND,[]
SCEW_2_PDRP43-APND,[]
SCEW_2_PDRP44-APND,[]
SCEW_2_PDRP45-APND,[]
SCEW_2_PDRP46-APND,[]
SCEW_2_PDRP47-APND,[]
SCEW_2_PDRP48-APND,[]
SCEW_2_PDRP49-APND,[]
SCEW_2_PDRP50-APND,[]
SCEW_2_PDRP51-APND,[]
SCEW_2_PDRP52-APND,[]
SCEW_2_PDRP53-APND,[]
SCEW_2_PDRP54-APND,[]
SCEW_2_PDRP55-APND,[]
SCEW_2_PDRP56-APND,[]
SCEW_2_PDRP57-APND,[]
SCEW_2_PDRP58-APND,[]
SCEW_2_PDRP59-APND,[]
SCEW_2_PDRP60-APND,[]
SCEW_2_PDRP61-APND,[]
SCEW_2_PDRP62-APND,[]
SCEW_2_PDRP63-APND,[]
SCEW_2_PDRP64-APND,[]
SCEW_2_PDRP65-APND,[]
SCEW_2_PDRP66-APND,[]
SCEW_2_PDRP67-APND,[]
SCEW_2_PDRP68-APND,[]
SCEW_2_PDRP69-APND,[]
SCEW_2_PDRP70-APND,[]
SCEW_2_PDRP71-APND,[]
SCEW_2_PDRP72-APND,[]
SCEW_2_PDRP73-APND,[]
SCEW_2_PDRP74-APND,[]
SCEW_2_PDRP75-APND,[]
SCEW_2_PDRP77-APND,[]
SCEW_2_PDRP78-APND,[]
SCEW_2_PDRP79-APND,[]
SCEW_2_PDRP80-APND,[]
SCEW_2_PDRP81-APND,[]
SCEW_2_PDRP82-APND,[]
SCEW_2_PDRP83-APND,[]
SCEW_2_PDRP85-APND,[]
SCEW_2_PDRP89-APND,[]
SCEW_2_RDRR08-APND,[]
SCEW_2_RDRR25-APND,[]
SCEW_2_RDRR26-APND,[]
SCEW_2_RDRR27-APND,[]
SCHD_1_PDRP04-APND,[]
SCHD_1_PDRP06-APND,[]
SCHD_1_PDRP07-APND,[]
SCHD_1_PDRP08-APND,[]
SCHD_1_PDRP09-APND,[]
SCHD_1_PDRP10-APND,[]
SCHD_1_PDRP11-APND,[]
SCHD_1_PDRP12-APND,[]
SCHD_1_PDRP23-APND,[]
SCHD_1_PDRP24-APND,[]
SCHD_1_PDRP25-APND,[]
SCHD_1_PDRP26-APND,[]
SCHD_1_PDRP27-APND,[]
SCHD_1_PDRP28-APND,[]
SCHD_1_PDRP29-APND,[]
SCHD_1_PDRP30-APND,[]
SCHD_1_PDRP31-APND,[]
SCHD_1_PDRP32-APND,[]
SCHD_1_PDRP33-APND,[]
SCHD_1_PDRP34-APND,[]
SCHD_1_PDRP35-APND,[]
SCHD_1_PDRP36-APND,[]
SCHD_1_PDRP37-APND,[]
SCHD_1_PDRP38-APND,[]
SCHD_1_PDRP39-APND,[]
SCHD_1_PDRP40-APND,[]
SCHD_1_PDRP41-APND,[]
SCHD_1_PDRP42-APND,[]
SCHD_1_PDRP43-APND,[]
SCHD_1_PDRP44-APND,[]
SCHD_1_PDRP48-APND,[]
SCHD_1_PDRP53-APND,[]
SCHD_1_PDRP58-APND,[]
SCHD_1_PDRP61-APND,[]
SCHD_1_PDRP62-APND,[]
SCHD_1_PDRP63-APND,[]
SCHD_1_PDRP64-APND,[]
SCHD_1_PDRP70-APND,[]
SCHD_1_PDRP71-APND,[]
SCHD_1_RDRR08-APND,[]
SCHD_1_RDRR11-APND,[]
SCHD_1_RDRR12-APND,[]
SCHLTE_1_PL1X3-APND,[]
SCLD_1_PDRP05-APND,[]
SCLD_1_PDRP06-APND,[]
SCLD_1_PDRP09-APND,[]
SCLD_1_PDRP10-APND,[]
SCLD_1_PDRP11-APND,[]
SCL_BOUNDARY-APND,[]
SCL_BPAT.SCL-APND,[]
SCL_MAINCANALGEN-APND,[]
SCL_MIDC.AV-APND,[]
SCL_MIDCREMOTE-APND,[]
SCL_SCL.SYSTEM-APND,[]
SCL_SCLBPATPACW-APND,[]
SCL_SCLBPATPGE-APND,[]
SCL_SCLLAGRANDEIPC-APND,[]
SCNW_6_PDRP07-APND,[]
SCNW_6_PDRP08-APND,[]
SCNW_6_PDRP09-APND,[]
SCNW_6_PDRP10-APND,[]
SCNW_6_PDRP11-APND,[]
SCNW_6_PDRP12-APND,[]
SCNW_6_PDRP22-APND,[]
SCNW_6_PDRP24-APND,[]
SCNW_6_PDRP25-APND,[]
SCNW_6_PDRP26-APND,[]
SCNW_6_PDRP27-APND,[]
SCNW_6_PDRP28-APND,[]
SCNW_6_PDRP30-APND,[]
SCNW_6_PDRP31-APND,[]
SCNW_6_PDRP32-APND,[]
SCNW_6_PDRP33-APND,[]
SCNW_6_PDRP34-APND,[]
SCNW_6_PDRP35-APND,[]
SCNW_6_PDRP36-APND,[]
SCNW_6_PDRP37-APND,[]
SCNW_6_PDRP38-APND,[]
SCNW_6_PDRP39-APND,[]
SCNW_6_PDRP40-APND,[]
SCNW_6_PDRP41-APND,[]
SCNW_6_PDRP42-APND,[]
SCNW_6_PDRP43-APND,[]
SCNW_6_PDRP44-APND,[]
SCNW_6_PDRP45-APND,[]
SCNW_6_PDRP46-APND,[]
SCNW_6_PDRP47-APND,[]
SCNW_6_PDRP48-APND,[]
SCNW_6_PDRP49-APND,[]
SCNW_6_PDRP50-APND,[]
SCNW_6_PDRP51-APND,[]
SCNW_6_PDRP52-APND,[]
SCNW_6_PDRP53-APND,[]
SCNW_6_PDRP54-APND,[]
SCNW_6_PDRP55-APND,[]
SCNW_6_PDRP56-APND,[]
SCNW_6_PDRP59-APND,[]
SCNW_6_PDRP62-APND,[]
SCNW_6_PDRP63-APND,[]
SCNW_6_PDRP65-APND,[]
SCNW_6_PDRP67-APND,[]
SCNW_6_PDRP68-APND,[]
SCNW_6_PDRP73-APND,[]
SCNW_6_PDRP76-APND,[]
SCNW_6_RDRR08-APND,[]
SCNW_6_RDRR10-APND,[]
SCNW_6_RDRR11-APND,[]
SDG1_1_PDRP04-APND,[]
SDG1_1_PDRP05-APND,[]
SDG1_1_PDRP06-APND,[]
SDG1_1_PDRP07-APND,[]
SDG1_1_PDRP08-APND,[]
SDG1_1_PDRP09-APND,[]
SDG1_1_PDRP100-APND,[]
SDG1_1_PDRP101-APND,[]
SDG1_1_PDRP102-APND,[]
SDG1_1_PDRP103-APND,[]
SDG1_1_PDRP104-APND,[]
SDG1_1_PDRP105-APND,[]
SDG1_1_PDRP106-APND,[]
SDG1_1_PDRP111-APND,[]
SDG1_1_PDRP113-APND,[]
SDG1_1_PDRP114-APND,[]
SDG1_1_PDRP117-APND,[]
SDG1_1_PDRP118-APND,[]
SDG1_1_PDRP119-APND,[]
SDG1_1_PDRP120-APND,[]
SDG1_1_PDRP121-APND,[]
SDG1_1_PDRP122-APND,[]
SDG1_1_PDRP123-APND,[]
SDG1_1_PDRP14-APND,[]
SDG1_1_PDRP15-APND,[]
SDG1_1_PDRP25-APND,[]
SDG1_1_PDRP26-APND,[]
SDG1_1_PDRP27-APND,[]
SDG1_1_PDRP28-APND,[]
SDG1_1_PDRP30-APND,[]
SDG1_1_PDRP31-APND,[]
SDG1_1_PDRP32-APND,[]
SDG1_1_PDRP33-APND,[]
SDG1_1_PDRP34-APND,[]
SDG1_1_PDRP37-APND,[]
SDG1_1_PDRP38-APND,[]
SDG1_1_PDRP39-APND,[]
SDG1_1_PDRP40-APND,[]
SDG1_1_PDRP41-APND,[]
SDG1_1_PDRP42-APND,[]
SDG1_1_PDRP43-APND,[]
SDG1_1_PDRP44-APND,[]
SDG1_1_PDRP45-APND,[]
SDG1_1_PDRP46-APND,[]
SDG1_1_PDRP47-APND,[]
SDG1_1_PDRP48-APND,[]
SDG1_1_PDRP49-APND,[]
SDG1_1_PDRP50-APND,[]
SDG1_1_PDRP51-APND,[]
SDG1_1_PDRP60-APND,[]
SDG1_1_PDRP61-APND,[]
SDG1_1_PDRP62-APND,[]
SDG1_1_PDRP63-APND,[]
SDG1_1_PDRP64-APND,[]
SDG1_1_PDRP65-APND,[]
SDG1_1_PDRP66-APND,[]
SDG1_1_PDRP67-APND,[]
SDG1_1_PDRP68-APND,[]
SDG1_1_PDRP69-APND,[]
SDG1_1_PDRP70-APND,[]
SDG1_1_PDRP71-APND,[]
SDG1_1_PDRP84-APND,[]
SDG1_1_PDRP85-APND,[]
SDG1_1_PDRP86-APND,[]
SDG1_1_PDRP88-APND,[]
SDG1_1_PDRP89-APND,[]
SDG1_1_PDRP91-APND,[]
SDG1_1_PDRP93-APND,[]
SDG1_1_PDRP96-APND,[]
SDG1_1_PDRP97-APND,[]
SDG1_1_PDRP98-APND,[]
SDG1_1_PDRP99-APND,[]
SG_1_UNITS-APND,[]
SHASTRD_7_UNITS-APND,[]
SHELRF_1_UNITS-APND,[]
SHW_2_SHEPDSCC_PLANT-APND,[]
SLAP_PGCC-APND,[]
SLAP_PGEB-APND,[]
SLAP_PGF1-APND,[]
SLAP_PGFG-APND,[]
SLAP_PGHB-APND,[]
SLAP_PGKN-APND,[]
SLAP_PGNB-APND,[]
SLAP_PGNC-APND,[]
SLAP_PGNP-APND,[]
SLAP_PGP2-APND,[]
SLAP_PGSB-APND,[]
SLAP_PGSF-APND,[]
SLAP_PGSI-APND,[]
SLAP_PGST-APND,[]
SLAP_PGZP-APND,[]
SLAP_SCEC-APND,[]
SLAP_SCEN-APND,[]
SLAP_SCEW-APND,[]
SLAP_SCHD-APND,[]
SLAP_SCLD-APND,[]
SLAP_SCNW-APND,[]
SLAP_SDG1-APND,[]
SLAP_VEA-APND,[]
SLL_6_MCASY-APND,[]
SLNX_2_SOLANA-APND,[]
SLSTR1_2_SOLAR1-APND,[]
SLSTR2_2_SOLAR2-APND,[]
SLUISP_2_UNITS-APND,"['SANLUIS2_7_B1', 'SANLUIS2_7_B3', 'SANLUIS4_7_B1', 'SANLUIS4_7_B3', 'SANLUIS6_7_B1', 'SANLUIS6_7_B3', 'SANLUIS8_7_B1', 'SANLUIS8_7_B3']"
SLVRHWK_7_UNITS-APND,[]
SMD1_ASR-APND,[]
SMD2_ASR-APND,[]
SMD4_ASR-APND,[]
SMD5_ASR-APND,[]
SMD6_ASR-APND,[]
SMD7_ASR-APND,[]
SMD8_ASR-APND,[]
SMD9_ASR-APND,[]
SMDA_ASR-APND,[]
SMDB_ASR-APND,[]
SMDC_ASR-APND,[]
SMDD_ASR-APND,[]
SMDG_ASR-APND,[]
SMDH_ASR-APND,[]
SMS_1_UNITS-APND,[]
SOLBLU_2_WSBBX2-APND,[]
SOLBLU_2_WSBSX2-APND,[]
SOUTHPOINT_2_UNITS-APND,[]
SPAULD_6_UNIT12-APND,"['SPAUL1-2_7_B2', 'SPAUL1-2_7_B3']"
SPICER_1_UNITS-APND,"['NEWSPICE_7_B1', 'NEWSPICE_7_B3', 'NEWSPICE_7_B4']"
SP_2_SPCTMSG-APND,[]
SRP_CHOLLA500_SRP-APND,[]
SRP_COOLIDGE_WALC-APND,[]
SRP_CORONAD500_TEPC-APND,[]
SRP_COVEFORT-APND,[]
SRP_DESERTBASIN-APND,[]
SRP_DUKE500_WALC-APND,[]
SRP_FOURCORNE345_AZPS-APND,[]
SRP_FOURCORNE500_AZPS-APND,[]
SRP_GILARIVER500-APND,[]
SRP_GILARVR500_TEPC-APND,[]
SRP_HAYDEN115_WALC-APND,[]
SRP_JOJOBA500-APND,[]
SRP_KNOX230-APND,[]
SRP_KYRENE230-APND,[]
SRP_LIBERTY230_WALC-APND,[]
SRP_PALOVERDE500-APND,[]
SRP_PANDA230-APND,[]
SRP_PINLWST500_TEPC-APND,[]
SRP_PINPKAPS230_SRP-APND,[]
SRP_PINPKSRP230_SRP-APND,[]
SRP_PNLCENT500_TEPC-APND,[]
SRP_PPKSRP230_WALC-APND,[]
SRP_PPKWALC230_WALC-APND,[]
SRP_RUDD230-APND,[]
SRP_SPRNGER345_TEPC-APND,[]
SRP_SRPNETWORK_WALC-APND,[]
SRP_SRP_SYSTEM-APND,[]
SRP_SUGARLOAF500-APND,[]
SRP_WESTWING230_SRP-APND,[]
SRP_WESTWING500_SRP-APND,[]
SRP_WWNG230SRP_WALC-APND,[]
SRP_WWNG500SRP_WALC-APND,[]
STANTN_2_SBEBX2-APND,[]
STL_1_NINEMILE_PLANT-APND,[]
STOILS_1_UNITS-APND,"['CHEVGEN1_7_B1', 'CHEVGEN2_7_B1', 'STDOIL_1_N009']"
ST_2_BLK5-APND,[]
ST_2_BLK6-APND,[]
SUMMERFL_1_GEN_TOTAL-APND,[]
SUMMIT_ASR-APND,[]
SUNRIS_2_PL1X3-APND,[]
SUNSHN_2_LNDFL-APND,"['WDT273_7_N004', 'WDT273_7_N005', 'WDT273_7_N006', 'WDT273_7_N007', 'WDT273_7_N008']"
TECOLOTE_3_TECOLOTEWF-APND,[]
TENGEN_2_PL1X2-APND,"['TENNGEN1_7_B1', 'TENNGEN2_7_B1']"
TEPC_BLACKMESA230-APND,[]
TEPC_CORONAD500_TEPC-APND,[]
TEPC_FOURCORNE345_TEPC-APND,[]
TEPC_FOURCORNE500_TEPC-APND,[]
TEPC_GILARVR500_TEPC-APND,[]
TEPC_GREENLEE_EPE-APND,[]
TEPC_GREENLEE_WALC-APND,[]
TEPC_GRENLESWT345-APND,[]
TEPC_GRIFFITH230_TE-APND,[]
TEPC_HACKBERRY230-APND,[]
TEPC_HILLTOP230-APND,[]
TEPC_LIBERTY_230UNS-APND,[]
TEPC_LUNA345_TEPC-APND,[]
TEPC_MACHOSPRNG345-APND,[]
TEPC_MCKINLEY345_TEPC-APND,[]
TEPC_NECLOAD-APND,[]
TEPC_OSOGRANDE-APND,[]
TEPC_PINLWST500_TEPC-APND,[]
TEPC_PNLCENT500_TEPC-APND,[]
TEPC_SAGUARO500-APND,[]
TEPC_SJ345_TEPC-APND,[]
TEPC_SPRINGER345_TEPC-APND,[]
TEPC_SPRINGER_EPE-APND,[]
TEPC_SPRNGER345_TEPC-APND,[]
TEPC_VAIL345-APND,[]
TEPC_WALC.SYS_TEP-APND,[]
TEPC_WESTWING500_TEPC-APND,[]
TEPC_WINCHESTR345-APND,[]
TERMEX_2_PL1X3-APND,[]
TH_NP15_GEN-APND,[]
TH_NP15_GEN_OFFPEAK-APND,[]
TH_SP15_GEN-APND,[]
TH_SP15_GEN_OFFPEAK-APND,[]
TH_ZP26_GEN-APND,[]
TH_ZP26_GEN_OFFPEAK-APND,[]
TIDC_WESTLEY-APND,[]
TIGRCK_7_UNITS-APND,"['TIGRCRK_7_B2', 'TIGRCRK_7_B3']"
TPWR_BPAT.TPU-APND,[]
TPWR_MAINCANALGEN-APND,[]
TPWR_TPWR.STAR-APND,[]
TRACY_7_UNITS 4-5-APND,[]
TRW1_2_PLANT-APND,[]
TULLCK_7_UNITS-APND,"['TULLOCH_7_B1', 'TULLOCH_7_B2', 'TULLOCH_7_B4']"
TUOLUMNE_2_TW-APND,[]
TURLLAKE_7_PLANT-APND,[]
TWINKL_2_ASCBTA-APND,[]
TWINKL_2_ASCSRA-APND,[]
TWINPEAK_1_CAPAGPUMPS-APND,[]
TXW_1_UNITS-APND,[]
T_FALLS_7_TMPS-APND,[]
UPRCOL_5_ABC_ORA-APND,[]
UPRCOL_5_APR_ORA-APND,[]
UPRCOL_5_BASE_ORA-APND,[]
UPRCOL_5_CR-APND,[]
US12_1_TOT_A_GEN-APND,[]
US34_1_TOT_B_GEN-APND,[]
VALGS_2_CC_6_7_8-APND,[]
VALMY_7_UNITS-APND,[]
VERNON_6_MALBRG-APND,[]
VESTAL_2_KERN-APND,"['KERNRVU1_7_B1', 'KERNRVU2_7_B1', 'VESTAL_6_GN010', 'VESTAL_6_N001', 'VESTAL_6_N002', 'VESTAL_6_N004', 'VESTAL_6_N006', 'VESTAL_6_N020']"
W TRACY_7_UNITS 8-10-APND,[]
WALC_BCTAP230-APND,[]
WALC_BLACKMESA230-APND,[]
WALC_BUCKEYE230-APND,[]
WALC_COOLIDGE_WALC-APND,[]
WALC_DUKE500_WALC-APND,[]
WALC_GILA69-APND,[]
WALC_GREENLEE_WALC-APND,[]
WALC_GRENLESWT345-APND,[]
WALC_GRIFFITH230_TE-APND,[]
WALC_HACKBERRY230-APND,[]
WALC_HAYDEN115_WALC-APND,[]
WALC_HILLTOP230-APND,[]
WALC_LIBERTY230-APND,[]
WALC_LIBERTY230_WALC-APND,[]
WALC_LIBERTY_230UNS-APND,[]
WALC_MCC230.LDWP-APND,[]
WALC_MEAD230.LDWP-APND,[]
WALC_MEAD230_NEVP-APND,[]
WALC_MEAD500-APND,[]
WALC_MRKTPLACE.LDWP-APND,[]
WALC_NRTHGILA69-APND,[]
WALC_ORACLE115-APND,[]
WALC_PARKER230-APND,[]
WALC_PINPKAPS230_WALC-APND,[]
WALC_PNPKWALC230-APND,[]
WALC_PPKSRP230_WALC-APND,[]
WALC_PPKWALC230_WALC-APND,[]
WALC_RACEWAY230-APND,[]
WALC_SADLBROKRNCH-APND,[]
WALC_SAGUARO115-APND,[]
WALC_SANTAROSA230-APND,[]
WALC_SRPNETWORK_WALC-APND,[]
WALC_SRP_SYSTEM-APND,[]
WALC_SUNDANCE-APND,[]
WALC_SUNVALLEY230-APND,[]
WALC_SWAZSYS-APND,[]
WALC_TESTTRACK230-APND,[]
WALC_VAIL345-APND,[]
WALC_WALC.SYS-APND,[]
WALC_WALC.SYS_TEP-APND,[]
WALC_WESTWING230_WALC-APND,[]
WALC_WESTWING500_WALC-APND,[]
WALC_WINCHESTR345-APND,[]
WALC_WWNG230SRP_WALC-APND,[]
WALC_WWNG500SRP_WALC-APND,[]
WALNUTEC_1_UNITS-APND,[]
WAPAMEEA1_OFF_ASR-APND,[]
WAPAMEEA1_ON_ASR-APND,[]
WAPAMEEA2_OFF_ASR-APND,[]
WAPAMEEA2_ON_ASR-APND,[]
WAPAMEEA3_OFF_ASR-APND,[]
WAPAMEEA3_ON_ASR-APND,[]
WARNE_2_UNIT-APND,"['WARNE1_7_B1', 'WARNE2_7_B1']"
WCW_2_WHITECRK_PLANT-APND,[]
WESTROCK_1_BKS-APND,[]
WFD_2_ENERGIZE_PLANT-APND,[]
WH2_2_CHEM_WE4_PLANT-APND,[]
WISHON_6_UNITS-APND,"['WISHON1_7_B2', 'WISHON1_7_B3', 'WISHON2_7_B2', 'WISHON2_7_B3']"
WNDSTR_2_WIND-APND,[]
WOODLAND_7_WGSUNIT2-APND,[]
WOODLAND_7_WGSUNIT3-APND,[]
WP_2_WPCC4-APND,[]
WP_2_WPCC5MSG-APND,[]
WRW_2_BLUERDG_PLANT-APND,[]
WSH_1_WESTSIDEHYD-APND,[]
YU_6_TGEN-APND,[]
